Ano,Jos√©,maria,luis,carmen,juan,carlos,jesus,ana,pedro,rafael,rosa,francisco,angel,miguel,ramon,victor,manuel,jorge,antonio,julio,juana,hector,daniel,cesar,edgar,oscar,eduardo,luisa,nelson,pablo,alexander,felix,freddy,gladys,andres,luz,javier,richard,ricardo,alberto,alexis,nancy,gustavo,david,franklin,orlando,omar,petra,alejandro,isabel,elizabeth,jean,aura,wilmer,alfredo,leonardo,adriana,henry,ruben,gabriel,cruz,fernando,marcos,mary,maritza,angela,genesis,mercedes,milagros,mario,william,roberto,olga,raul,oswaldo,domingo,guillermo,flor,nestor,yelitza,lisbeth,diana,jonathan,blanca,beatriz,argenis,nelly,francisca,armando,gloria,darwin,douglas,enrique,andrea,josefina,liliana,gregorio,jhonny,maribel,yolanda,simon,josefa,jairo,daniela,hilda,teresa,miriam,sandra,laura,ramona,omaira,reinaldo,humberto,johan,dayana,wilfredo,angelica,andreina,erika,joel,robert,gerardo,ronald,julia,gabriela,ivan,mariela,tomas,doris,alicia,yenny,belkis,ernesto,vicente,yajaira,felipe,martin,alvaro,sonia,carolina,german,sergio,jaime,karina,diego,iris,marco,marisol,vanessa,gilberto,margarita,mariana,hugo,jhon,gregoria,junior,adrian,xiomara,francis,ligia,martha,hernan,reina,mirian,ines,paula,alba,elvis,marlene,ender,emilio,danny,ali,jenny,mayra,johana,elena,elio,zulay,zoraida,karla,claudia,edwin,moises,irma,frank,ingrid,delia,samuel,antonia,williams,anthony,lourdes,anibal,mireya,judith,rodolfo,virginia,victoria,silvia,alirio,patricia,julian,anderson,fanny,roger,nicolas,elias
1896,1453,2084,255,311,714,108,183,330,498,227,150,295,107,120,214,96,237,30,232,85,358,11,27,25,0,15,35,88,1,133,2,88,0,0,77,7,3,0,39,43,0,0,7,10,0,0,0,165,60,111,0,0,6,1,13,13,2,1,4,24,59,26,47,2,0,56,0,109,0,11,1,17,5,6,1,69,34,16,4,0,0,0,0,21,6,0,0,123,9,2,0,0,24,28,42,0,47,0,0,0,42,131,0,3,2,51,0,0,9,57,2,3,6,0,0,1,14,0,0,0,1,8,0,107,7,1,0,60,0,5,0,0,34,59,0,67,51,1,0,10,4,8,4,0,15,0,18,0,0,5,52,10,2,0,35,0,5,0,0,0,1,3,1,0,55,67,1,0,0,0,35,0,1,0,0,0,37,2,0,1,0,11,0,6,1,1,0,9,3,57,0,0,1,6,0,0,9,14,39,3,4,3,63,0,0,1,45,22
1897,1424,2251,257,285,606,114,207,325,442,231,172,298,130,139,214,86,248,37,203,94,312,15,22,20,1,1,50,87,3,112,2,82,0,0,85,7,0,0,33,27,1,0,6,8,0,0,1,164,62,115,1,0,3,0,14,9,0,0,15,24,41,21,48,3,0,54,0,74,0,16,1,14,4,10,1,61,34,28,7,0,0,0,0,19,7,0,0,120,7,1,0,0,31,28,46,0,67,0,0,1,40,137,0,3,3,36,1,0,4,80,0,7,9,0,0,0,9,0,0,0,0,12,0,95,7,0,0,59,0,5,0,0,25,46,0,76,49,3,0,7,7,10,2,0,25,0,23,0,0,7,45,9,1,0,36,0,2,0,0,0,3,2,1,0,46,59,0,0,0,0,21,0,0,0,0,0,36,5,0,1,0,7,0,5,1,1,0,11,1,68,0,0,1,6,1,0,7,15,44,0,1,8,46,0,1,0,40,18
1898,1534,2180,279,334,678,147,222,364,516,272,186,314,148,151,230,109,272,37,219,119,318,15,17,19,2,14,47,110,2,130,3,92,0,0,81,5,2,1,45,37,1,0,7,9,1,0,1,184,57,143,1,1,2,0,25,8,4,0,5,20,56,28,55,2,0,68,0,98,1,14,1,29,1,7,1,108,41,28,6,0,0,0,0,30,10,0,2,125,12,1,0,0,35,32,38,0,74,0,0,1,43,138,0,2,1,49,1,0,12,70,0,5,10,0,0,0,8,0,0,0,0,8,0,113,3,1,0,62,0,7,0,0,37,67,0,82,68,1,0,10,8,8,7,0,15,0,21,0,0,9,70,6,2,0,40,0,3,0,0,0,4,1,1,0,49,41,1,0,0,0,35,0,1,0,0,0,39,9,0,1,0,10,0,8,1,0,0,19,6,62,0,0,2,12,0,2,9,12,49,2,1,7,61,0,0,1,57,11
1899,1327,2036,261,347,660,144,216,330,448,255,169,265,119,127,249,112,272,20,254,69,267,9,23,26,1,7,38,77,1,101,0,80,0,0,63,7,0,0,43,41,0,0,9,7,0,1,0,141,39,103,3,4,3,0,11,7,1,0,13,18,47,25,43,2,0,67,0,93,0,19,0,28,4,6,0,69,34,25,4,0,0,2,1,23,7,0,1,122,5,0,0,0,22,27,40,0,60,0,0,0,40,118,1,0,1,45,1,0,7,69,1,3,7,0,0,0,7,0,0,0,2,7,0,92,6,0,0,57,0,5,0,0,37,60,0,70,44,2,0,8,4,7,6,0,18,0,21,0,0,4,53,7,3,0,38,0,1,0,0,0,1,5,1,0,39,34,0,0,0,0,32,0,0,0,0,0,35,4,0,0,0,12,0,2,2,0,0,14,9,67,0,0,3,11,0,0,12,16,41,0,0,1,52,0,0,1,53,22
1900,2501,3982,499,676,1272,242,473,648,915,500,349,549,236,276,493,183,531,52,483,217,598,28,42,32,3,25,101,188,7,264,7,189,2,5,151,10,2,4,73,67,2,1,12,17,1,3,5,350,88,243,2,0,17,3,30,34,10,5,28,44,114,58,89,4,3,127,0,176,1,26,4,40,6,18,2,173,83,43,14,1,0,5,0,45,20,1,5,247,21,3,1,1,72,53,108,0,141,1,2,1,107,253,0,4,7,97,1,1,23,152,5,9,15,1,0,0,8,2,1,2,0,19,0,187,10,2,0,150,2,2,0,2,70,115,1,157,112,3,1,9,13,20,14,0,34,3,31,0,2,16,106,29,5,1,83,0,4,1,0,0,6,3,4,2,78,102,2,1,0,1,63,2,1,0,2,0,65,3,1,2,0,14,1,14,7,1,1,27,10,130,0,1,6,13,1,3,11,26,95,7,0,9,131,1,2,2,84,36
1901,2083,3380,381,596,1060,201,376,499,794,345,235,448,180,164,408,161,358,40,373,173,524,17,50,25,0,9,82,130,1,201,4,156,1,0,125,6,0,3,70,50,0,0,6,9,0,2,1,279,68,205,1,3,18,1,27,15,3,0,21,29,87,46,79,0,1,97,0,136,0,14,2,39,7,15,0,129,65,25,13,0,0,0,0,36,6,0,0,200,8,6,1,0,54,39,58,0,113,0,0,2,84,233,0,1,3,67,1,0,17,126,1,4,8,2,0,0,10,0,0,2,1,13,0,138,12,4,0,97,0,6,0,0,44,103,0,129,81,2,0,8,12,19,4,0,27,0,21,0,0,12,78,15,0,0,72,0,3,0,0,0,2,5,2,0,67,119,0,0,0,0,43,0,1,0,0,0,48,8,0,0,0,11,1,4,1,2,0,18,9,119,0,1,7,10,1,1,9,21,77,4,1,9,93,0,1,1,92,33
1902,2138,3474,457,606,1058,186,357,562,768,379,278,447,227,209,406,154,434,43,419,148,492,25,44,29,3,22,74,180,1,176,3,135,0,0,135,11,2,2,45,54,0,0,14,18,0,1,0,289,71,169,2,2,25,0,21,17,4,0,16,28,99,41,79,3,1,96,0,146,0,24,2,25,7,6,2,122,78,36,7,0,0,0,0,26,9,0,1,199,9,3,0,0,47,38,70,0,114,0,0,1,71,240,0,0,8,82,0,0,23,122,0,8,15,0,0,0,17,0,0,0,0,13,0,148,4,3,0,89,0,11,0,0,47,99,0,117,86,4,0,6,18,15,5,0,28,0,23,0,0,9,78,18,3,0,48,0,7,0,0,0,4,2,3,1,76,75,0,0,0,0,40,0,1,0,0,0,51,6,0,2,0,13,0,13,6,0,0,31,11,120,0,0,3,16,0,0,17,28,65,6,2,8,90,0,0,0,83,31
1903,2040,3339,413,574,841,211,304,569,669,361,257,388,204,184,364,160,351,38,376,147,474,17,33,33,0,17,56,141,1,181,1,131,0,0,101,7,0,0,43,54,0,0,18,18,0,0,0,262,60,154,1,2,23,0,16,21,2,1,21,33,84,55,62,1,0,88,0,142,0,30,0,35,4,13,2,101,60,26,8,0,0,1,0,39,12,0,2,191,17,0,0,0,42,36,77,0,98,0,0,1,64,182,0,1,5,70,0,0,19,107,1,10,9,0,0,0,17,1,0,1,1,9,0,110,6,2,0,79,0,8,0,0,41,89,0,90,87,2,0,6,12,9,5,0,24,1,23,0,0,7,66,19,0,0,66,0,10,0,1,2,3,6,3,0,80,83,2,0,0,0,42,0,0,0,0,0,62,15,0,0,0,7,0,7,4,0,0,27,8,105,0,0,2,13,0,0,10,25,65,6,1,7,75,0,0,2,59,35
1904,2246,3599,471,677,1021,251,358,619,784,393,280,464,241,221,452,185,435,36,426,175,515,29,43,41,0,10,67,183,0,211,3,171,0,1,121,7,2,2,64,58,0,0,18,19,0,2,0,313,80,206,4,4,32,2,38,21,2,0,14,39,104,50,75,2,0,109,0,153,0,23,4,32,9,10,1,130,71,48,9,0,1,0,0,40,8,0,0,187,14,3,0,0,46,48,75,0,112,0,0,2,65,230,0,2,4,91,1,0,17,120,1,9,16,0,0,1,19,1,0,2,2,18,0,132,6,2,0,79,0,9,0,0,55,104,0,135,97,4,0,8,17,13,10,0,34,0,30,0,0,23,96,18,6,1,50,0,7,0,0,0,5,5,1,0,87,112,2,0,0,0,38,0,2,1,0,0,65,8,0,0,0,9,0,11,4,2,0,19,11,105,0,1,6,16,0,0,10,31,80,3,1,14,85,1,0,2,84,41
1905,2522,4062,493,823,1164,242,407,697,862,461,362,499,234,247,477,198,445,62,507,164,545,24,54,44,1,13,78,204,0,237,2,177,0,0,128,13,4,4,63,57,0,0,14,12,0,0,1,339,95,222,4,2,26,2,34,23,4,3,17,37,107,54,84,3,1,138,0,178,0,36,2,37,11,12,6,131,70,43,16,0,0,0,0,53,10,2,1,218,20,4,0,0,74,38,98,0,123,0,0,5,82,239,0,1,12,95,1,0,14,130,1,9,18,0,0,0,17,0,0,1,3,14,0,156,6,1,0,107,0,18,0,0,50,91,0,152,80,2,0,13,18,9,12,0,26,0,33,0,0,9,94,18,4,0,68,0,6,0,1,1,3,8,1,2,94,93,3,0,0,0,44,0,0,0,0,0,67,10,0,3,0,20,0,11,7,0,0,30,10,133,0,0,4,16,0,0,14,30,80,6,0,6,90,0,1,3,92,43
1906,2300,4030,558,881,1071,207,426,693,830,435,305,456,243,230,434,198,418,65,426,194,597,35,37,29,2,16,80,184,1,201,2,173,0,0,136,17,0,1,64,66,0,0,14,14,0,0,6,336,78,207,2,1,44,1,29,28,16,2,23,25,128,53,73,5,0,137,0,170,0,32,2,44,14,20,3,136,71,39,6,0,0,0,0,50,16,0,2,225,20,5,0,0,48,37,88,1,108,0,0,0,75,215,1,0,6,87,3,0,23,137,3,13,15,0,0,0,16,0,0,2,1,15,0,152,10,2,0,100,0,14,0,0,57,128,1,128,91,8,1,15,16,18,8,0,33,3,30,0,0,13,89,17,1,0,76,0,6,0,1,2,4,1,1,2,78,110,0,0,0,0,49,0,0,0,0,0,57,10,0,3,0,17,0,11,6,0,0,23,3,139,0,0,4,15,0,0,9,30,79,7,0,9,113,0,0,3,88,34
1907,2673,4840,559,932,1202,254,436,763,915,508,408,533,271,281,445,233,518,59,485,190,657,29,47,49,0,18,77,220,3,261,0,219,0,2,154,18,3,2,68,76,0,0,17,12,0,1,1,372,95,229,6,3,37,3,44,22,8,5,17,40,153,46,80,4,0,135,0,178,1,32,3,36,9,18,3,153,77,50,15,0,0,0,0,62,16,0,0,280,21,4,1,0,68,45,94,0,111,0,0,2,92,261,0,3,8,92,1,0,23,174,5,18,28,1,0,2,26,1,0,0,1,18,0,207,11,2,0,123,0,13,0,0,68,134,0,145,113,2,1,7,20,24,7,0,42,0,38,0,0,8,129,21,3,0,78,0,8,0,2,2,9,9,0,0,85,107,2,0,0,0,65,0,1,0,0,0,73,14,0,3,0,23,0,14,7,0,0,27,9,155,0,0,9,17,0,4,18,39,91,8,6,7,109,0,0,2,101,34
1908,2761,4608,645,1014,1226,276,460,805,1010,572,400,560,293,272,518,227,525,62,508,211,669,35,46,44,4,19,91,228,1,277,4,183,0,1,124,14,0,0,57,66,0,1,17,16,0,1,3,361,111,237,0,1,54,1,37,27,12,1,24,32,134,60,88,8,0,155,0,198,0,37,2,45,15,14,7,140,91,72,29,0,0,2,0,59,16,1,0,241,20,6,0,1,63,65,120,0,126,1,0,3,112,274,0,4,15,115,2,0,23,173,5,13,26,0,0,0,22,1,1,1,3,23,0,178,6,4,0,119,0,20,0,0,66,126,0,133,99,4,2,12,25,12,5,0,39,0,44,0,0,24,109,13,4,0,53,0,12,0,0,2,6,12,6,1,76,157,4,0,0,0,76,0,3,0,0,1,73,11,0,1,0,16,0,12,12,0,0,43,14,142,0,0,14,10,0,0,16,25,117,6,5,10,103,0,2,3,87,43
1909,2576,4531,613,968,1183,258,412,765,896,486,363,533,277,249,496,227,461,54,509,178,630,52,34,32,1,27,97,247,2,256,1,189,0,0,137,11,3,1,52,62,0,1,18,21,0,0,3,387,81,252,3,2,40,0,36,17,4,4,14,37,144,48,72,7,0,147,0,178,1,35,0,42,23,22,1,155,96,74,11,0,0,2,0,62,18,0,2,233,32,6,0,0,65,61,102,0,118,0,0,4,93,239,0,4,13,109,3,0,26,132,2,8,29,1,0,1,31,1,1,0,1,22,0,161,11,3,0,121,0,26,0,0,51,117,0,132,95,6,0,12,29,22,13,0,46,1,51,0,0,11,87,22,5,0,68,0,3,0,0,2,3,7,4,3,91,138,0,0,0,0,55,0,1,0,0,0,79,9,0,4,0,17,0,9,10,1,0,27,14,130,0,1,11,14,0,2,10,31,87,11,7,7,103,0,2,1,99,33
1910,3625,6439,906,1541,1809,362,663,1117,1328,718,579,829,393,382,743,326,681,82,724,293,957,50,64,69,1,37,112,332,5,334,5,258,0,2,225,22,5,3,92,110,0,1,21,29,1,3,3,614,172,341,1,5,52,1,39,42,7,0,23,49,211,79,132,3,0,204,0,290,0,78,0,62,30,30,4,209,122,73,25,0,0,1,0,99,20,6,1,386,35,3,0,0,78,71,163,0,169,1,0,10,126,362,0,9,33,143,0,0,40,234,2,15,29,0,0,1,31,1,1,0,6,28,0,252,15,3,0,174,2,21,0,0,94,165,0,206,154,5,1,23,33,24,15,0,54,2,53,0,0,25,165,14,3,0,127,0,11,0,1,8,7,15,2,0,147,209,1,0,0,0,86,0,4,0,0,0,110,18,0,2,0,30,0,24,13,1,0,49,20,220,0,0,19,26,0,2,19,51,148,11,4,19,168,0,1,2,137,48
1911,3118,5226,856,1245,1489,328,589,937,1220,596,494,660,357,341,655,281,623,75,625,270,796,54,56,70,1,41,108,340,1,341,3,250,0,4,178,16,1,2,88,95,0,0,22,26,0,2,3,500,141,267,6,5,75,1,43,26,10,1,25,56,178,74,114,3,1,179,1,230,0,68,0,54,25,26,8,205,96,68,14,0,0,2,0,65,25,2,2,308,34,5,0,0,78,68,149,0,153,0,0,2,121,305,0,2,23,113,2,0,32,166,1,15,37,0,0,1,27,1,1,1,1,21,0,230,16,4,0,166,1,28,0,0,93,143,0,171,119,3,0,15,23,15,16,0,35,2,40,0,0,27,109,17,5,0,79,0,7,0,0,3,4,12,3,1,110,157,3,0,1,0,79,0,1,0,0,0,97,12,0,1,0,26,1,10,15,0,0,55,16,189,0,1,18,24,0,1,17,42,118,6,5,9,152,0,0,5,131,50
1912,3692,6538,885,1595,1731,366,703,1162,1286,713,683,757,403,418,748,345,686,83,757,304,1008,46,68,71,2,37,118,375,3,369,1,291,0,3,179,23,1,2,99,110,1,0,21,32,1,1,1,614,135,323,5,3,68,2,43,37,8,1,24,55,198,87,134,9,0,221,0,240,2,62,4,52,38,43,10,220,123,87,20,0,0,1,0,100,20,3,3,398,37,16,0,0,90,79,149,0,171,0,0,2,144,356,0,5,31,149,1,0,30,266,6,16,33,1,1,2,28,0,1,3,3,24,0,272,13,5,0,184,0,27,0,0,79,184,0,206,146,8,1,16,35,28,14,0,44,0,62,0,0,15,148,30,7,0,132,0,13,0,0,7,6,14,8,0,138,180,3,0,0,0,84,0,7,0,0,2,103,18,0,0,0,24,1,12,16,2,1,59,16,214,0,0,23,29,1,0,16,40,142,13,4,21,146,0,0,2,131,67
1913,3161,5126,834,1361,1481,303,649,1019,1216,643,488,691,373,300,615,277,556,72,710,264,757,48,55,64,3,39,109,315,3,347,3,237,0,7,172,18,4,0,71,87,0,0,31,12,0,3,0,460,99,283,3,4,79,3,43,26,6,2,28,48,166,64,119,9,1,187,0,245,0,71,2,54,42,34,12,198,108,66,15,0,0,3,0,86,18,3,1,254,39,11,0,0,67,78,147,0,143,0,0,10,105,278,0,6,38,109,0,0,36,205,2,14,43,1,0,0,35,3,1,2,2,31,0,202,12,6,0,130,1,32,0,0,77,132,0,165,126,12,1,17,34,20,12,0,47,1,44,0,0,25,139,18,4,0,90,0,9,0,0,5,5,14,3,1,106,165,3,0,0,0,80,0,6,0,0,0,102,21,0,2,0,25,0,20,14,1,0,57,17,165,0,0,22,27,0,2,13,33,122,11,3,11,146,0,1,3,126,46
1914,3630,5992,1033,1671,1765,410,899,1152,1379,734,625,789,428,379,754,367,689,81,753,306,899,88,53,81,1,47,138,344,6,363,3,277,1,2,208,21,6,2,114,120,0,2,31,24,0,1,4,565,138,358,6,6,103,3,58,32,12,0,42,54,249,86,131,6,0,201,0,247,1,74,1,57,63,40,8,229,131,100,29,0,0,1,0,99,26,1,1,303,46,11,0,0,113,72,164,0,176,0,1,4,123,337,0,3,49,123,0,0,49,214,5,16,40,0,0,1,30,1,1,1,1,38,0,216,11,4,0,184,0,49,0,0,118,199,0,186,151,5,0,10,43,25,17,0,51,0,59,0,0,34,132,28,18,0,106,0,16,0,0,11,9,18,13,1,140,159,3,0,0,0,95,0,9,0,0,0,113,20,0,1,0,22,1,24,17,2,0,65,19,194,0,1,23,28,1,2,25,29,127,11,11,11,158,0,0,3,152,63
1915,3529,5806,905,1565,1690,352,742,1231,1359,665,598,803,358,371,740,354,662,95,702,299,852,61,74,76,2,58,118,327,3,357,2,252,2,5,222,25,2,1,102,137,1,0,31,27,0,5,2,488,145,334,4,8,109,0,55,44,12,2,39,61,191,79,130,16,0,200,0,245,1,79,2,75,53,40,13,199,160,113,32,0,0,1,0,107,23,3,6,316,45,16,0,1,74,56,161,0,155,0,0,15,116,314,1,0,62,135,2,0,39,252,2,21,47,0,0,3,34,0,1,4,4,40,0,228,13,8,2,178,2,53,0,0,92,186,0,197,104,4,1,18,56,27,14,0,42,2,64,0,0,32,165,24,16,0,106,0,6,0,0,21,8,16,9,2,117,178,3,0,0,0,88,0,10,1,0,0,119,20,0,4,0,25,2,17,27,1,0,63,24,151,1,0,29,25,0,3,23,41,126,17,7,11,129,0,0,3,159,50
1916,3685,6168,918,1784,1647,400,794,1257,1239,706,604,781,389,409,761,360,599,71,717,282,879,83,73,72,0,71,109,369,1,367,2,272,1,5,217,26,3,0,113,124,0,1,43,30,0,4,4,590,139,344,5,2,110,2,56,43,17,2,39,59,196,81,131,9,0,220,0,298,2,78,3,72,76,56,17,210,158,130,38,0,0,0,0,111,22,6,2,349,50,14,0,0,89,61,175,1,169,0,0,14,110,317,0,2,66,135,1,0,47,258,6,14,51,1,0,0,38,0,1,1,2,45,0,228,12,7,1,166,2,58,0,0,110,175,0,191,160,7,2,12,65,25,14,0,54,0,58,0,0,25,138,29,17,1,107,0,18,0,2,20,8,23,12,0,140,181,3,0,0,0,96,0,10,1,0,0,80,23,0,1,0,28,0,26,27,1,0,55,21,176,0,0,30,31,1,1,27,37,141,17,11,9,155,0,1,5,143,59
1917,3997,6616,1025,1751,1745,394,772,1317,1402,725,603,784,428,341,731,425,686,103,772,306,915,101,78,101,4,64,146,379,3,367,2,289,1,3,237,18,6,0,110,132,2,0,37,27,1,4,6,575,148,340,3,1,132,2,68,29,8,2,45,58,208,72,107,10,3,207,0,279,0,100,1,69,96,53,15,200,180,145,34,0,0,1,0,106,29,1,7,346,65,14,0,1,109,56,152,0,166,0,0,24,122,348,2,7,77,129,2,0,44,263,5,24,65,1,0,3,20,0,1,2,1,41,0,229,20,5,0,166,1,69,0,0,91,171,0,200,147,6,1,18,70,39,14,0,39,2,65,1,0,39,158,31,16,0,99,0,7,0,1,26,11,28,9,1,114,201,8,0,0,0,107,0,16,1,0,0,121,43,0,1,0,26,1,22,25,0,1,75,33,175,0,0,40,18,3,4,21,72,152,13,9,9,135,0,2,6,148,51
1918,4419,6687,1141,2027,2008,489,959,1425,1636,814,761,898,503,457,929,455,784,117,841,382,963,127,93,94,6,75,140,417,7,458,2,324,0,10,269,36,7,1,139,170,1,0,45,36,0,4,6,596,210,373,3,3,149,1,89,50,23,1,48,76,278,99,142,15,0,272,0,306,2,111,3,86,96,67,19,215,237,131,43,1,0,0,1,105,35,6,6,356,92,24,0,0,112,76,234,1,177,0,0,33,187,406,1,9,103,117,2,0,50,243,9,27,67,0,0,0,34,0,2,2,5,50,0,258,13,4,0,213,2,75,0,0,117,215,0,213,174,11,0,11,82,35,21,0,63,1,82,0,0,36,169,39,24,0,100,0,15,0,0,31,6,25,15,2,141,196,4,0,0,0,132,0,17,0,0,0,127,52,0,6,0,32,0,28,28,3,0,98,29,232,1,1,30,39,7,2,25,57,174,29,14,12,147,0,2,6,177,53
1919,4417,6181,1221,1819,1882,515,883,1301,1584,831,596,863,492,455,858,423,729,109,829,329,908,108,85,104,3,69,165,365,7,412,2,282,1,7,271,33,4,1,130,182,0,1,43,35,2,7,7,538,162,334,9,2,136,1,83,32,9,2,41,51,237,95,150,13,2,235,0,298,1,94,3,94,108,70,23,236,247,116,39,0,0,1,0,108,27,5,9,341,79,19,0,0,119,74,242,0,168,0,0,18,147,355,0,5,110,133,3,0,52,217,8,25,72,1,0,1,37,0,1,4,4,52,0,209,18,5,0,199,0,65,0,0,111,212,0,214,151,8,0,15,97,32,14,0,53,1,55,0,0,43,166,41,35,0,97,0,17,0,0,44,5,28,11,2,132,163,3,0,0,0,125,0,25,0,0,1,92,62,0,2,0,24,1,33,33,1,1,96,34,206,0,0,37,35,2,5,30,49,131,21,11,6,114,0,2,9,165,62
1920,5029,8437,1346,2671,2179,485,1021,1740,1669,913,890,1016,547,511,1031,527,901,122,979,429,1248,110,87,103,7,76,163,499,8,504,9,369,0,7,303,49,11,2,141,175,3,2,59,39,0,7,10,737,208,436,6,7,217,1,88,52,13,7,66,81,325,99,142,17,0,329,0,348,1,116,3,86,163,68,29,266,261,221,44,0,0,1,0,150,36,3,15,412,92,26,0,0,152,110,277,5,182,0,0,46,182,466,4,11,147,153,2,0,55,327,8,36,79,1,0,0,41,1,1,10,1,60,0,274,28,8,0,210,3,88,0,0,134,261,0,230,184,16,1,9,94,43,27,0,66,4,78,0,0,58,227,41,43,0,144,1,14,0,0,55,17,40,23,0,183,261,12,0,1,0,143,0,34,0,0,1,123,51,0,6,0,28,1,31,43,1,1,112,39,246,0,0,51,47,6,5,27,61,190,43,18,7,145,1,3,6,173,73
1921,4373,6238,1114,2013,1686,469,865,1369,1341,749,712,719,444,391,725,423,732,97,718,329,843,100,74,99,8,78,156,408,11,431,5,248,0,20,235,44,5,2,134,147,1,0,57,38,0,11,9,495,143,363,6,10,178,2,81,57,15,1,58,46,221,115,122,14,2,227,0,266,3,104,2,93,140,76,31,183,194,139,40,0,0,4,0,139,35,4,13,319,94,32,0,0,124,70,256,2,155,0,0,62,131,355,4,4,131,134,5,0,51,257,5,23,74,0,0,1,36,0,1,5,4,43,1,203,11,16,3,190,0,83,0,0,103,182,0,161,137,14,2,18,90,32,29,0,57,1,74,0,0,41,177,39,36,1,87,0,12,0,0,62,11,27,17,0,140,166,13,0,0,0,133,0,26,0,0,0,96,34,0,4,0,21,0,27,40,2,0,97,28,202,0,1,33,40,1,5,34,54,160,35,14,14,104,0,1,8,111,54
1922,4860,7396,1276,2484,1984,526,908,1546,1645,834,897,908,496,512,933,495,766,131,884,375,1111,114,107,120,9,80,199,486,9,434,5,298,1,25,288,53,5,1,142,212,0,2,60,49,0,16,12,659,179,415,12,13,237,1,82,53,32,5,75,59,280,124,157,17,2,291,0,278,1,150,6,122,230,81,38,231,238,198,54,0,0,6,0,174,41,3,16,387,102,43,0,1,155,94,293,2,179,0,0,71,164,409,1,4,167,155,7,1,52,285,11,31,94,0,0,1,49,3,1,3,2,54,0,249,15,15,2,201,2,119,0,1,119,254,0,196,147,20,4,15,101,60,32,0,66,2,81,0,0,48,169,30,35,1,89,0,7,0,1,59,11,29,28,2,145,229,13,0,0,0,116,0,48,0,0,0,127,55,0,10,1,22,1,37,42,1,0,142,42,221,0,1,49,44,6,10,40,50,159,25,27,17,144,0,0,5,163,66
1923,4894,7168,1417,2365,2078,511,910,1538,1674,866,807,887,569,480,892,495,823,131,945,388,988,104,87,108,7,93,176,506,9,463,6,333,0,33,257,56,7,4,136,196,0,0,61,39,1,15,20,636,188,389,10,6,256,4,91,39,19,5,73,87,276,124,137,15,4,298,0,300,4,147,6,127,211,88,30,231,259,202,40,0,0,2,0,166,49,6,15,370,89,34,0,0,140,109,284,3,192,0,0,86,163,392,4,5,160,122,3,0,55,270,11,30,89,0,0,2,39,1,1,3,2,38,0,237,13,9,3,183,3,127,0,0,115,205,0,241,168,26,1,11,119,67,36,0,86,1,71,0,0,59,172,28,54,0,94,0,19,0,2,77,11,40,25,3,155,187,15,0,0,0,144,0,33,1,0,0,113,66,0,8,0,26,0,35,57,3,0,108,39,218,0,2,44,41,6,9,42,77,168,36,27,14,135,0,1,11,141,82
1924,5435,7732,1495,2639,2205,577,977,1708,1772,962,883,1095,619,561,992,578,916,148,970,420,1122,160,75,130,9,118,191,524,13,508,6,366,3,51,302,47,4,2,169,174,1,3,77,51,0,10,17,671,225,447,12,14,274,3,98,39,16,2,83,79,301,165,139,17,4,314,0,376,4,172,4,147,248,87,43,262,262,192,43,0,0,5,1,178,32,8,15,430,138,55,0,0,178,89,312,4,179,0,0,103,166,394,3,6,193,173,6,1,50,270,13,28,94,0,0,2,49,2,0,8,3,60,0,261,25,8,0,233,1,131,0,0,131,260,0,230,188,22,2,18,139,60,43,0,76,3,85,0,0,66,188,41,62,0,103,0,17,0,0,93,16,40,27,1,176,249,23,0,0,0,136,0,51,0,0,0,135,78,0,6,0,37,2,49,74,7,0,123,46,248,2,2,61,44,6,14,40,60,172,41,30,10,135,0,4,11,190,78
1925,5504,7926,1506,2845,2193,568,993,1739,1736,927,914,970,628,565,967,504,965,179,977,368,1158,145,109,114,13,104,176,563,16,477,6,368,0,55,272,47,9,6,147,209,1,1,77,56,0,13,24,669,181,445,14,12,294,1,95,55,17,5,89,75,280,121,149,15,3,306,0,344,6,159,9,152,267,93,45,258,228,219,40,0,1,2,0,169,62,16,22,396,103,47,0,0,167,81,334,2,166,0,0,138,179,378,7,8,202,167,6,1,61,289,19,46,104,0,0,2,60,1,3,9,6,64,0,247,20,15,2,230,1,124,0,0,140,232,1,223,168,25,5,8,109,62,42,0,74,10,107,0,0,78,214,32,67,0,140,0,22,0,0,98,24,45,41,5,161,226,15,0,1,0,152,0,50,0,0,0,127,93,0,20,0,32,1,29,73,5,0,129,43,256,1,0,72,53,13,12,54,79,156,44,38,12,138,0,6,5,143,87
1926,6867,9044,1862,3128,2838,711,1275,2024,2267,1273,1056,1320,826,632,1323,669,1164,205,1156,510,1337,193,117,173,11,155,241,596,33,619,3,519,0,60,320,72,8,1,190,265,1,2,97,54,0,18,27,796,256,484,8,7,352,4,129,72,25,5,104,96,351,184,223,21,1,372,0,428,2,177,9,200,296,135,55,333,305,288,73,0,0,3,1,216,48,17,32,482,150,60,0,0,210,116,383,2,241,0,0,147,211,463,1,6,240,201,5,0,70,348,16,57,147,0,0,1,66,1,2,11,5,78,0,274,21,17,1,246,10,177,0,0,168,293,0,323,232,24,4,26,160,82,44,0,77,13,110,0,0,87,213,34,77,0,136,0,30,1,0,105,24,66,42,2,175,286,34,0,0,0,193,1,65,2,0,0,145,85,0,10,0,30,1,31,63,4,1,151,61,274,0,0,85,57,13,10,41,69,191,51,44,20,179,0,4,5,237,96
1927,5924,8711,1716,3050,2340,665,1093,2009,1752,1028,1050,1087,630,579,1077,582,963,177,1045,448,1298,151,93,148,23,144,200,616,20,523,4,398,2,113,308,75,11,3,180,224,0,4,90,56,0,19,35,751,231,516,10,5,425,2,119,62,24,4,79,99,322,170,151,16,4,297,0,380,6,202,8,138,271,107,51,268,270,269,67,0,0,3,0,230,51,14,46,483,129,53,0,0,145,106,325,6,173,0,0,185,189,440,6,4,236,241,9,1,69,321,18,44,112,0,0,2,42,1,1,6,1,63,0,264,27,16,2,244,4,163,0,0,118,257,0,230,183,19,3,24,139,62,42,0,73,9,107,0,0,72,202,43,77,0,121,0,20,0,3,129,11,50,34,3,172,253,34,0,1,1,136,0,68,1,0,0,130,86,0,15,1,33,2,31,70,7,0,176,57,244,1,0,82,62,19,7,41,75,180,44,58,11,136,0,5,13,172,92
1928,6548,9099,1889,3328,2564,667,1207,2142,1999,1131,1032,1203,768,694,1179,617,1079,201,1122,455,1255,182,118,147,23,158,224,643,39,515,3,486,4,105,294,72,13,2,178,218,5,2,96,66,1,20,35,783,245,510,14,10,420,3,127,64,22,10,108,91,359,150,211,28,2,397,0,402,2,202,11,137,332,131,74,340,278,288,71,0,0,7,1,225,79,21,39,464,158,73,1,1,195,126,403,3,180,0,1,186,183,458,5,10,231,278,11,0,57,347,31,51,132,0,0,2,74,2,1,7,1,85,0,308,16,23,5,239,12,168,1,0,124,297,0,258,210,18,7,13,143,47,65,0,78,4,113,0,0,76,240,38,90,1,138,1,20,1,1,153,24,69,60,2,218,253,33,1,0,0,163,0,74,0,0,1,169,91,0,22,0,31,2,39,117,1,1,180,58,262,0,1,89,87,24,6,50,75,213,47,63,14,164,0,8,11,176,72
1929,6939,9064,1891,3343,2748,711,1273,2100,2164,1224,1064,1296,809,709,1217,605,1148,234,1156,548,1220,209,143,180,23,173,224,659,31,556,3,483,4,118,318,78,6,5,194,247,0,4,101,68,1,31,53,712,252,465,11,7,426,6,126,75,21,9,115,94,386,171,210,22,6,372,0,398,6,199,4,157,345,139,74,374,319,297,65,0,0,9,1,229,84,30,64,472,147,67,1,0,186,114,333,2,221,0,0,222,201,412,4,5,315,353,15,0,64,352,31,73,162,3,0,6,58,3,5,8,4,65,0,289,26,23,3,242,11,177,1,0,163,287,0,253,216,38,9,25,155,60,50,0,77,10,113,1,0,96,215,36,98,1,128,0,26,0,3,155,20,55,59,12,213,228,36,0,0,0,180,0,75,0,0,0,142,104,2,13,0,33,0,43,92,3,0,153,61,243,1,0,106,71,24,19,45,76,198,46,55,15,159,0,12,17,180,100
1930,7533,10386,2100,4037,2851,748,1362,2574,2256,1353,1319,1334,911,735,1402,688,1256,236,1331,546,1593,221,143,180,23,205,226,744,44,666,3,537,5,156,382,88,12,2,220,274,4,4,118,84,1,42,57,901,268,574,30,9,502,1,146,91,25,10,109,96,434,226,245,33,10,454,1,504,7,256,9,172,378,131,83,403,330,309,84,0,0,13,1,270,99,29,81,531,158,99,0,5,221,129,446,2,216,0,0,260,213,520,9,7,369,389,12,0,72,410,37,77,146,2,0,4,60,1,1,11,5,81,2,325,26,23,9,273,19,183,0,1,143,316,2,290,226,38,13,21,195,68,59,1,83,23,110,2,0,119,290,48,125,0,166,0,27,0,2,188,31,80,62,7,251,332,40,0,3,0,187,0,85,1,1,0,178,101,2,28,0,50,0,40,106,3,1,209,75,271,1,1,124,66,23,15,54,86,231,55,71,11,159,0,16,18,224,116
1931,7118,8755,1930,3205,2671,694,1259,2052,2096,1167,1079,1163,839,639,1315,641,1102,250,1132,515,1150,213,132,180,16,203,221,649,42,543,2,547,3,164,335,94,12,6,164,224,4,5,98,64,1,37,58,711,241,465,21,16,421,1,132,75,18,8,108,102,350,195,181,21,6,321,0,402,4,237,10,160,304,152,91,347,270,288,76,1,0,10,0,206,99,20,97,437,175,92,1,1,177,103,329,1,218,0,0,232,206,407,4,5,279,371,10,0,87,310,34,65,156,0,0,1,53,4,0,12,4,102,1,276,17,32,4,271,19,196,0,1,151,262,0,239,213,37,14,17,164,83,69,0,76,16,103,0,0,91,232,29,114,0,135,1,33,0,1,159,28,75,63,4,221,258,56,0,0,0,160,0,78,0,0,1,162,89,3,27,0,44,1,48,112,4,0,161,54,252,1,0,94,83,24,15,46,64,168,56,63,15,179,0,21,5,211,94
1932,7162,9689,2128,3620,2775,757,1399,2268,2225,1258,1177,1273,854,705,1340,682,1130,275,1271,513,1326,241,123,209,34,190,249,681,48,630,1,484,8,200,379,100,16,1,219,235,0,13,111,80,1,41,54,760,218,515,19,8,498,7,172,87,24,8,114,89,347,192,215,36,16,336,0,449,2,246,10,164,362,148,75,367,296,306,71,0,0,6,2,260,75,27,103,475,159,108,0,3,209,90,384,3,207,0,0,234,209,437,14,5,336,414,27,0,51,363,39,78,142,0,0,4,72,2,2,17,4,81,2,284,23,30,8,292,20,210,0,3,126,280,0,274,199,48,14,17,164,70,68,0,75,18,108,1,0,129,240,20,109,0,135,0,25,0,5,139,23,68,80,9,199,299,35,0,2,0,201,0,90,3,0,0,193,103,1,35,0,41,3,41,121,2,1,175,72,259,1,2,112,92,32,15,60,87,187,70,63,18,145,0,20,21,233,100
1933,6975,9655,2033,3882,2704,780,1406,2280,2188,1213,1241,1276,833,654,1269,627,1124,270,1245,510,1369,215,165,205,42,191,230,692,61,613,1,540,8,307,334,121,13,2,213,271,5,15,121,88,2,45,67,831,252,516,21,17,496,1,154,78,26,11,127,117,388,185,228,39,19,359,0,452,6,258,15,175,391,157,83,327,303,317,92,0,0,8,1,227,115,34,120,518,153,108,0,7,201,113,381,4,232,0,1,252,229,402,13,8,321,456,22,1,69,336,70,72,164,0,0,4,71,3,1,14,5,87,4,289,26,33,11,280,32,197,0,1,155,279,0,270,183,42,21,19,170,73,78,0,78,20,103,2,0,97,290,34,109,0,137,2,31,0,4,183,41,79,88,6,236,287,67,1,2,0,178,0,102,1,1,0,178,82,0,24,0,45,1,50,143,5,0,166,55,272,0,4,133,90,50,15,49,107,205,80,61,23,153,0,19,12,220,116
1934,7181,9372,2066,3737,2642,786,1369,2418,2163,1235,1208,1194,800,671,1248,641,1083,267,1209,512,1264,237,132,249,35,225,212,663,92,623,1,487,11,262,302,119,7,1,218,302,6,19,114,78,4,67,85,751,264,525,20,21,500,5,159,88,24,7,115,102,374,186,218,41,15,340,0,424,8,261,14,191,374,152,91,321,296,320,87,0,0,7,0,214,110,36,104,427,166,123,0,5,218,108,352,4,226,0,1,257,213,403,11,3,375,397,29,0,77,354,62,77,174,2,0,3,63,2,1,8,2,104,4,266,28,33,8,289,22,177,0,1,137,336,0,288,229,45,27,20,160,68,78,0,88,23,104,1,0,117,247,33,99,0,151,0,24,1,2,191,38,84,113,15,220,292,59,1,4,1,147,1,83,2,0,0,167,106,0,42,0,43,0,45,145,3,0,180,86,250,1,2,114,65,36,30,50,87,195,73,56,19,155,0,27,21,200,105
1935,7580,10150,2319,4066,2897,885,1464,2477,2342,1344,1352,1357,899,676,1353,716,1192,276,1300,518,1457,231,139,243,46,227,256,796,95,738,1,569,20,331,387,107,22,2,237,322,4,16,137,76,1,86,78,805,269,607,34,12,535,4,171,93,20,6,109,104,421,193,246,35,28,364,0,449,6,284,18,220,404,178,117,364,350,344,109,0,0,10,1,270,142,38,173,479,193,151,1,3,222,99,402,5,238,0,1,291,233,396,10,5,371,459,32,0,88,399,85,70,163,0,0,3,71,2,4,31,7,113,6,345,23,45,14,276,47,222,0,3,154,306,0,341,259,46,28,13,205,109,80,0,100,31,112,1,0,129,287,39,148,0,154,0,27,2,1,204,35,92,133,11,210,305,60,0,11,2,192,0,94,1,1,0,210,119,0,43,0,46,3,57,159,6,3,206,65,257,2,0,152,106,45,29,56,114,199,99,80,22,205,0,36,16,226,141
1936,7700,10164,2352,4206,2869,950,1561,2638,2319,1404,1445,1407,912,729,1434,740,1259,314,1292,545,1447,307,168,226,55,182,275,821,117,642,4,586,20,429,346,115,11,3,221,319,7,21,122,88,4,71,99,822,251,541,37,12,521,7,172,87,16,8,133,110,486,178,240,42,27,402,0,482,8,269,11,201,448,170,143,386,322,399,159,0,0,11,0,292,133,30,158,496,203,137,0,4,194,109,391,1,213,0,0,293,240,416,22,5,360,449,45,1,78,410,77,79,168,0,0,4,78,2,2,18,3,123,3,346,15,50,15,324,36,192,0,4,136,284,0,292,235,48,48,15,188,77,87,0,93,20,118,1,0,158,279,27,143,0,157,0,27,2,1,233,41,109,142,16,246,307,87,0,9,1,181,0,97,1,0,0,181,124,3,44,0,35,0,50,179,7,3,207,80,273,2,3,133,98,62,31,67,102,206,98,76,14,158,0,37,14,201,124
1937,7832,10222,2496,4203,2791,985,1575,2726,2247,1438,1513,1380,1002,784,1461,835,1222,287,1218,582,1354,317,133,254,58,214,300,848,121,647,5,563,28,498,379,117,15,0,233,300,9,31,113,78,3,92,128,734,249,590,35,12,641,3,197,77,23,12,143,131,446,214,254,46,34,414,0,459,5,281,11,206,460,174,120,325,358,417,141,0,0,9,0,313,136,20,194,482,184,161,1,5,215,110,371,3,224,0,2,325,237,470,20,9,421,441,54,1,85,395,104,87,190,0,0,2,72,2,3,22,2,115,2,347,19,42,17,263,46,249,2,3,143,310,0,287,207,58,69,22,211,104,81,0,94,32,139,3,0,164,262,32,147,0,143,0,28,2,1,230,68,119,134,17,225,336,89,1,13,6,182,0,88,3,1,0,196,124,4,62,0,52,3,71,208,2,2,235,73,294,1,3,139,102,58,30,65,104,214,128,81,20,183,0,33,27,205,142
1938,8381,10559,2813,4514,2909,1051,1687,2734,2485,1638,1514,1426,1048,824,1608,817,1273,360,1383,639,1450,373,151,287,80,237,324,861,165,706,3,630,59,632,420,154,21,5,214,342,9,52,144,87,2,98,139,817,249,563,55,17,608,3,192,86,28,12,167,131,484,231,279,60,48,381,0,511,13,300,13,226,514,200,155,444,362,401,140,0,0,8,0,351,158,34,212,550,192,198,1,6,234,115,446,10,247,0,2,386,305,414,26,7,440,432,53,0,90,451,131,111,206,2,1,1,72,2,1,25,7,138,1,343,22,66,17,304,69,274,0,5,171,344,0,326,246,75,78,27,241,104,94,0,100,48,131,2,0,182,299,35,216,0,151,0,44,3,4,286,56,126,184,15,262,272,104,1,14,1,197,0,96,3,0,0,208,113,3,58,0,38,4,60,238,4,1,241,101,267,4,1,181,76,87,38,59,111,249,118,112,11,207,1,37,19,212,124
1939,8085,10126,2852,4380,2934,1074,1690,2643,2365,1549,1478,1303,994,774,1510,883,1271,354,1206,643,1328,415,167,260,80,251,339,885,203,627,1,574,79,692,355,133,19,0,211,360,26,80,188,110,3,131,163,775,265,542,58,12,635,4,202,99,40,11,188,121,441,200,247,47,57,443,0,458,9,308,23,215,535,199,162,513,328,406,141,0,0,23,0,312,196,49,239,428,216,217,0,8,201,116,411,9,227,0,2,407,301,400,32,9,454,406,70,2,77,409,136,113,236,0,0,3,73,2,3,20,5,126,4,310,23,77,22,291,51,262,0,9,147,347,1,297,194,54,128,21,232,106,85,0,70,61,122,2,0,207,293,44,195,1,136,0,51,1,2,291,56,121,169,17,232,280,113,0,20,4,186,0,105,3,0,0,218,134,4,76,0,39,1,52,217,7,3,243,78,265,4,1,176,102,91,40,71,113,233,116,107,15,197,0,58,20,203,122
1940,8961,10812,3036,4733,2989,1232,1895,2765,2664,1709,1629,1474,1078,872,1676,982,1236,405,1435,676,1462,490,180,288,123,303,353,938,249,751,4,647,86,878,430,164,19,6,235,378,23,103,200,126,11,187,178,780,277,603,63,13,728,9,272,109,36,19,201,124,433,234,246,56,69,444,0,532,14,333,21,259,589,222,216,513,376,415,177,0,1,26,2,369,214,69,294,483,210,275,0,16,247,123,412,9,229,3,6,489,292,431,53,7,450,439,88,5,86,418,171,123,278,1,0,6,86,6,6,19,9,135,4,345,21,92,30,312,75,273,1,17,176,306,1,304,239,77,181,12,227,118,131,2,100,72,136,8,1,243,329,61,282,1,150,0,57,4,2,284,49,158,184,29,227,319,112,1,40,9,166,1,129,2,5,0,215,131,5,97,1,54,3,71,268,7,2,245,101,241,4,1,184,124,118,46,94,105,254,135,114,16,215,0,63,25,202,142
1941,8285,9787,3010,4070,2791,1207,1890,2456,2375,1680,1338,1383,1044,896,1479,933,1116,420,1232,667,1220,456,176,296,130,306,355,835,343,614,4,629,117,886,387,164,27,5,276,395,36,128,191,132,14,207,234,652,280,591,74,11,634,3,280,110,27,31,214,128,475,218,219,76,87,403,1,452,19,318,18,273,522,223,225,427,334,390,170,0,0,47,0,350,214,62,312,452,241,244,2,17,221,117,383,5,226,0,4,454,286,375,42,11,500,384,96,2,78,367,200,113,253,2,0,8,64,3,6,36,9,153,7,269,31,103,19,282,69,286,1,6,197,271,0,297,237,70,167,8,251,107,105,1,75,68,151,9,0,245,279,47,261,2,120,0,34,4,4,289,45,186,174,45,217,233,139,0,30,7,178,1,127,1,4,0,189,147,5,101,1,39,3,61,253,6,6,263,86,235,1,2,147,103,117,53,121,105,160,131,107,20,162,0,71,24,225,128
1942,9005,10628,3429,4509,2911,1355,2100,2836,2535,1709,1598,1456,1122,922,1617,988,1264,431,1383,758,1268,507,194,352,158,369,362,933,391,732,1,631,174,1056,465,210,33,6,279,430,50,182,230,124,18,236,265,684,264,619,106,20,711,3,300,91,33,40,229,136,497,230,255,87,126,415,0,512,18,308,28,249,599,241,235,452,368,402,188,0,1,38,1,342,250,70,317,443,232,301,3,44,291,116,475,4,257,1,2,488,301,344,41,13,484,495,123,6,84,406,248,125,266,0,0,6,67,3,8,35,7,174,3,304,26,115,32,294,106,301,2,18,186,334,1,301,234,79,152,23,245,121,141,1,92,82,128,14,0,291,342,50,302,2,120,0,34,10,5,336,64,219,189,58,250,253,134,0,42,9,188,1,118,4,2,0,198,167,3,151,0,55,4,65,302,13,5,239,93,232,5,3,179,130,134,79,110,138,273,153,128,18,203,1,80,29,183,136
1943,9170,10461,3384,4444,2880,1413,2023,2884,2407,1793,1583,1460,1106,908,1506,951,1151,487,1368,728,1249,561,162,379,187,365,380,981,495,659,6,657,183,1047,419,230,33,5,289,462,58,244,293,116,23,272,244,733,286,518,81,23,787,12,302,97,24,47,258,134,485,247,252,80,175,358,1,490,23,327,52,270,584,267,236,434,350,454,189,0,1,39,0,371,267,85,308,443,275,351,0,37,314,85,410,4,222,0,4,479,292,385,68,6,485,430,133,10,104,354,262,134,284,0,0,8,64,5,2,38,12,147,8,294,32,128,41,250,118,306,0,15,203,296,3,314,235,92,149,27,249,139,143,1,92,69,141,21,0,275,301,40,311,0,122,0,23,20,10,310,63,187,217,86,226,260,181,0,50,6,163,0,161,0,1,0,195,158,7,137,0,40,4,60,324,13,7,249,99,234,6,2,203,116,157,73,64,106,216,154,137,26,175,0,96,34,200,146
1944,9446,10655,3643,4814,2908,1575,2280,2952,2555,1817,1613,1364,1238,866,1571,1131,1241,538,1414,772,1285,624,220,419,220,409,389,1035,561,711,6,629,282,1160,432,231,37,11,341,447,86,309,263,116,45,323,337,702,273,579,130,12,776,13,307,112,42,55,263,155,547,297,269,102,201,425,0,535,33,329,72,309,585,257,269,450,393,446,213,0,2,54,0,425,262,107,386,441,311,383,2,51,333,99,438,9,247,2,6,601,306,377,77,8,498,403,140,12,83,388,279,161,324,2,0,10,74,1,4,37,13,137,3,309,26,132,60,321,141,315,0,25,216,324,1,311,220,113,162,22,282,130,141,0,90,100,135,28,0,298,299,40,346,2,157,0,36,13,9,316,78,204,217,85,222,213,191,2,64,11,170,3,161,4,3,0,230,157,15,187,0,41,5,90,340,21,7,289,107,237,6,1,187,142,142,96,112,98,239,155,165,28,189,0,89,43,182,141
1945,9930,11169,3887,5188,3110,1623,2349,3100,2689,1953,1724,1586,1320,954,1690,1103,1403,606,1481,781,1362,618,219,418,251,434,388,1018,600,692,11,711,329,1243,489,278,25,8,338,535,91,394,277,162,104,444,380,710,257,579,146,16,814,11,347,139,27,88,268,153,626,268,286,119,264,393,0,574,32,384,72,312,587,294,271,568,392,553,247,0,2,51,0,408,295,103,427,441,259,421,1,71,301,105,455,10,206,2,5,562,330,364,85,8,449,460,198,33,87,433,336,175,304,0,0,11,91,2,4,35,21,175,8,313,21,189,54,328,149,347,2,41,259,330,0,308,251,121,170,19,266,153,165,0,103,103,160,44,0,311,355,48,329,5,139,2,48,15,9,350,91,202,280,124,253,228,169,1,97,11,224,3,166,4,4,0,212,193,13,206,1,53,7,88,412,21,11,291,111,254,21,2,231,153,155,89,107,92,240,197,192,23,227,0,99,45,193,130
1946,10173,11503,4203,5412,3151,1750,2580,3250,2851,2059,1936,1638,1412,1068,1774,1124,1321,655,1531,907,1414,710,237,465,320,426,460,1094,668,684,12,729,382,1262,458,307,37,19,339,530,154,502,305,187,56,529,451,680,268,597,173,18,836,22,415,127,37,132,329,148,610,295,307,123,373,411,0,564,30,420,82,312,647,349,286,564,416,498,197,1,4,57,2,471,284,106,497,473,314,512,3,81,329,97,437,8,224,6,2,631,331,359,93,9,520,498,251,23,141,423,389,194,332,2,0,64,74,3,3,52,15,150,15,330,34,206,66,336,214,370,1,31,226,311,4,291,264,169,212,21,314,137,125,0,112,125,176,42,0,338,340,51,341,4,139,0,35,14,19,390,90,244,314,128,264,246,246,5,113,14,186,1,183,4,8,0,215,195,20,221,0,34,7,88,372,28,20,282,104,268,29,3,211,140,154,123,96,142,238,184,154,23,202,1,113,46,212,116
1947,10700,11646,4662,5675,3215,2043,2684,3327,2914,2182,1961,1666,1443,1199,1952,1154,1480,735,1549,1009,1310,747,258,461,404,549,431,1149,821,761,22,714,534,1464,515,353,46,7,380,537,179,587,363,190,76,565,514,715,294,641,239,22,891,24,427,120,40,177,332,160,659,358,303,167,460,430,0,640,37,429,142,387,704,327,346,495,483,483,247,1,4,80,2,510,356,162,550,475,346,481,1,100,365,112,487,13,244,15,5,594,356,408,157,9,529,498,317,37,137,432,422,210,326,1,0,62,76,3,3,58,27,166,10,357,28,233,79,304,256,361,5,54,224,337,65,338,302,155,236,27,345,141,171,0,102,148,176,56,0,331,334,54,366,5,136,0,29,25,28,383,127,263,341,164,278,238,275,1,162,13,173,8,212,10,3,0,253,225,36,282,0,40,7,82,393,29,30,279,110,272,37,3,234,175,347,137,102,133,244,165,168,33,218,1,111,65,219,144
1948,11437,12237,5059,6032,3403,2250,3040,3665,3143,2340,2136,1891,1618,1300,2024,1310,1542,925,1743,1011,1478,781,227,522,527,659,544,1256,871,815,24,817,568,1629,504,426,53,22,448,634,220,773,387,191,87,660,617,784,351,647,325,23,905,19,449,152,27,218,393,193,726,370,335,180,532,480,0,627,65,455,129,394,657,363,391,606,566,528,300,1,17,52,3,545,357,177,633,513,377,611,1,107,386,124,495,11,223,5,6,661,355,392,124,4,557,488,347,46,159,513,494,203,362,1,0,49,98,7,8,41,32,201,9,352,28,263,89,354,253,431,2,60,223,321,92,343,302,186,242,17,359,183,184,0,114,171,181,85,4,351,420,48,398,2,151,1,50,52,23,420,154,298,409,231,272,294,274,5,185,30,206,3,220,13,11,1,254,232,46,289,0,50,14,75,380,40,41,299,101,289,34,1,260,150,331,128,104,145,239,208,230,30,220,2,154,70,210,143
1949,12275,13047,5474,6486,3697,2465,3266,3878,3344,2481,2344,2044,1705,1252,2229,1425,1649,931,1814,1040,1441,926,323,582,644,682,553,1346,1068,813,40,840,638,1724,575,493,53,26,425,669,293,1014,389,216,94,765,662,895,362,691,370,25,954,31,443,163,39,234,386,189,720,392,367,210,702,498,1,659,82,583,171,417,744,355,412,598,515,562,298,0,19,74,2,594,400,229,688,538,409,704,0,162,433,117,473,9,258,19,7,672,368,403,161,14,560,565,603,69,150,533,577,232,400,2,0,66,87,2,3,49,16,203,15,363,38,275,132,366,287,442,5,86,290,348,88,330,326,187,278,19,338,191,219,0,107,249,192,63,0,383,402,53,394,5,140,4,53,80,23,482,146,312,402,347,322,273,285,4,233,54,224,6,273,16,11,0,255,260,81,330,1,50,15,101,382,40,72,318,129,329,65,1,304,176,417,181,118,156,243,291,247,27,215,2,192,65,245,150
1950,12945,13912,5918,6970,4055,2821,3545,4139,3700,2751,2657,2090,1813,1486,2429,1497,1719,1190,2021,1126,1638,1048,333,665,797,766,582,1414,996,913,49,848,781,1878,603,535,68,23,476,860,358,1080,455,290,72,940,733,866,381,745,405,19,939,54,513,150,43,338,449,175,774,446,419,244,832,511,1,711,118,630,244,463,841,426,459,657,617,539,337,15,23,75,0,614,456,235,869,561,465,760,2,186,461,129,532,26,273,14,22,742,357,397,228,13,652,586,934,75,164,519,680,275,453,2,0,95,110,3,7,51,29,203,14,405,29,282,129,380,344,529,13,132,278,361,107,360,388,229,280,24,383,193,261,0,106,282,192,73,0,404,441,65,431,2,146,1,54,99,29,487,206,343,506,475,344,322,349,10,311,72,221,16,266,15,8,1,298,285,95,403,1,44,11,96,447,42,62,291,129,323,73,2,329,218,432,190,133,178,248,247,301,26,242,3,180,76,264,177
1951,12645,13215,6120,6664,3922,3072,3584,4086,3539,2743,2393,2092,1798,1590,2348,1493,1748,1338,1917,1155,1495,1048,329,667,901,843,606,1314,1055,883,42,904,855,1905,613,472,88,19,489,1013,492,1159,552,274,109,932,814,776,353,1010,475,15,1042,67,576,160,49,476,472,211,716,517,423,258,1008,536,0,669,136,596,323,430,804,400,584,615,542,570,371,19,33,80,1,593,494,284,803,554,500,767,5,236,418,101,471,26,245,16,19,682,378,330,214,9,562,520,878,48,208,532,635,232,449,7,0,132,91,6,9,66,22,237,17,406,32,320,128,377,356,507,7,167,245,380,151,319,329,198,290,25,389,194,263,1,133,272,261,100,3,415,416,73,396,6,120,1,51,108,47,502,220,326,440,442,333,260,317,6,337,82,232,11,324,18,7,0,256,259,265,392,1,51,18,95,443,44,78,306,123,336,70,2,367,203,423,224,145,201,230,253,296,37,205,0,231,87,221,209
1952,13702,13919,6686,6935,4067,3491,3853,4212,3663,2913,2589,2151,1917,1754,2536,1608,1786,1342,1936,1261,1583,1206,368,809,1001,869,648,1371,1087,938,64,917,1017,1972,597,589,98,42,556,941,555,1259,609,333,126,1013,907,794,355,865,552,28,994,90,698,213,50,596,501,242,830,530,476,271,1090,551,0,703,173,602,376,446,811,455,588,624,601,579,342,24,46,80,3,682,534,330,867,535,510,884,1,267,470,140,466,18,253,30,19,747,418,361,244,17,574,609,942,61,215,488,708,302,571,7,0,190,93,10,8,79,25,253,9,391,50,314,148,330,351,537,10,214,340,341,191,378,368,219,364,26,385,190,257,0,133,309,266,101,0,402,481,74,384,12,147,2,43,144,36,494,275,398,526,457,323,262,408,10,449,107,248,13,318,33,9,0,318,253,211,446,0,48,30,117,484,62,96,332,139,310,103,1,408,230,509,301,142,162,217,257,252,40,249,3,234,87,241,202
1953,14025,14157,6864,7197,3980,3778,3939,4444,3768,2871,2640,2279,1985,1750,2610,1584,1811,1470,2018,1196,1571,1173,434,751,1135,978,702,1371,1083,920,85,1010,1072,1867,595,683,106,50,544,1003,625,1468,720,395,139,1097,876,778,404,864,632,26,1048,137,696,248,66,682,592,213,797,553,540,305,1138,539,0,712,222,610,499,509,860,449,593,591,546,629,400,40,52,108,2,664,553,384,893,591,499,856,2,297,455,119,505,25,228,37,21,745,420,378,275,15,606,640,918,76,244,561,757,288,568,4,0,289,123,20,15,88,41,291,17,364,40,325,138,411,451,549,14,270,330,373,403,343,355,276,417,23,442,299,346,0,129,327,302,161,0,417,444,78,400,12,154,7,62,158,38,547,293,394,562,521,317,288,404,9,537,140,233,19,322,30,13,1,325,324,254,456,0,48,22,134,523,55,138,324,139,320,118,0,380,259,504,326,162,209,234,260,303,45,246,7,268,123,259,209
1954,14386,14727,7119,7384,4039,3905,3989,4438,3818,3010,2724,2178,2098,1791,2754,1718,1931,1702,2063,1347,1506,1238,390,871,1247,976,733,1372,1015,1004,86,1008,1029,1941,651,833,126,66,566,957,737,1477,729,374,164,1075,905,737,429,865,777,21,1033,182,746,251,65,713,616,239,831,641,599,320,1223,605,0,742,232,605,567,478,840,493,585,647,476,654,488,71,67,145,2,678,567,447,967,527,503,965,4,309,483,116,545,31,246,51,39,670,446,352,320,17,608,609,997,79,230,561,687,283,588,2,0,279,109,14,8,96,54,282,16,425,34,351,181,413,488,540,13,296,331,375,412,370,342,311,426,27,420,277,365,1,168,460,329,255,2,380,396,84,429,13,140,5,66,170,46,493,327,384,513,535,348,300,369,9,595,138,275,15,345,28,18,1,337,293,371,477,1,63,31,131,498,68,161,311,153,305,139,1,388,256,523,388,158,206,227,286,322,56,254,0,258,133,261,217
1955,14374,14563,7200,7248,3974,3911,4184,4467,3593,2928,2866,2335,2094,1771,2635,1709,1864,1628,2116,1360,1420,1312,426,935,1317,1062,736,1240,1019,930,117,980,1124,1866,696,953,146,71,541,886,674,1464,760,438,231,1123,956,647,413,862,760,25,1003,205,766,271,90,786,630,202,820,646,664,395,1205,574,1,738,234,619,646,510,840,502,617,660,540,643,446,75,85,157,1,713,541,451,903,535,540,986,5,367,533,136,485,38,238,65,57,769,390,373,324,14,563,561,967,90,255,548,816,319,569,4,0,337,118,12,15,113,62,345,31,431,29,382,220,378,502,536,18,361,319,420,435,351,307,272,425,35,396,262,403,2,129,432,336,305,0,409,409,71,367,15,135,2,74,1162,58,471,362,382,414,512,285,235,405,8,673,172,269,31,331,41,21,1,351,307,344,501,0,43,29,145,455,90,165,308,154,301,142,7,372,254,513,407,172,212,227,318,312,64,225,4,283,129,220,166
1956,14790,14323,7187,7015,3847,4149,4049,4494,3562,2867,2873,2230,1854,1831,2575,1755,1766,1710,2005,1384,1338,1284,448,996,1361,1065,761,1273,1008,980,171,1016,1116,1787,692,949,193,100,594,825,778,1377,779,420,381,1158,938,648,418,798,729,24,933,221,806,296,99,735,642,202,766,607,622,415,1171,514,0,715,317,633,740,466,814,507,565,662,557,704,491,71,90,138,1,648,596,554,881,481,508,900,9,422,445,115,498,44,263,83,175,659,426,336,315,15,585,545,972,114,285,479,822,273,559,5,0,345,88,22,16,120,63,410,19,409,31,345,233,379,511,495,33,424,321,387,429,357,334,311,458,33,409,301,496,1,165,447,330,373,1,434,409,72,375,15,126,11,71,1032,61,420,431,404,376,547,312,261,432,19,667,191,258,41,369,36,52,0,300,286,380,465,0,47,40,171,434,95,215,308,152,326,163,2,461,283,511,484,162,212,196,317,348,58,235,4,335,152,231,200
1957,17739,14479,7356,7148,4009,4170,3890,4621,3541,2867,2950,2238,2072,1825,2348,1736,1850,1757,2052,1327,1345,1282,485,963,1332,1065,766,1319,1092,939,152,954,1127,1787,686,1015,197,94,609,846,716,1501,762,478,287,1127,941,716,425,733,863,27,954,253,847,250,106,729,665,230,798,568,636,423,1199,543,1,740,438,656,755,442,809,518,613,618,549,655,468,98,130,129,3,701,643,531,886,477,550,972,5,384,465,101,580,63,374,83,221,711,405,376,285,9,543,526,965,112,268,508,802,273,576,3,0,348,99,19,16,129,66,456,39,398,53,362,276,347,568,479,31,476,351,399,459,342,290,322,542,78,382,304,433,3,160,461,311,426,0,407,401,66,356,18,315,3,75,898,66,419,392,392,412,559,257,238,478,82,699,190,283,29,353,39,47,1,314,348,421,530,0,67,47,141,488,82,191,333,160,304,196,3,435,283,529,470,181,224,239,351,360,87,252,6,394,136,196,199
1958,18931,14684,7246,7105,3983,4467,3934,4663,3813,2992,2867,2262,2046,1750,2273,1680,1863,1720,1913,1250,1371,1264,444,929,1692,1056,733,1274,1111,1000,172,960,1178,1821,713,1363,205,134,579,929,749,1458,782,470,311,1074,923,689,417,740,828,15,871,295,787,416,105,759,661,222,708,574,481,464,1448,550,1,739,431,601,761,554,929,505,591,680,503,656,453,117,170,156,3,751,626,554,901,457,556,851,8,385,484,94,553,87,532,104,256,657,401,436,334,20,547,534,900,159,254,465,951,294,520,5,1,526,92,19,13,126,62,423,28,362,59,352,277,339,591,494,31,521,344,372,483,365,318,274,590,64,400,378,421,5,131,434,244,428,0,357,395,70,394,19,484,11,69,895,83,455,410,398,407,572,244,240,471,114,662,180,296,41,333,49,44,0,336,309,482,561,1,68,45,137,510,73,226,295,163,273,258,0,451,258,554,501,244,209,196,320,372,102,192,5,341,159,239,204
1959,20298,15633,7689,7458,4061,4870,4116,4775,3979,2982,3129,2200,2113,1939,2536,1803,1962,1798,2091,1359,1333,1316,501,934,1813,1091,770,1269,1239,975,214,1000,1185,1835,742,1463,262,169,661,863,971,1582,857,495,360,1121,951,628,482,694,880,15,897,360,841,517,121,780,623,263,806,672,535,546,1572,576,0,708,458,649,900,535,988,585,639,728,504,663,479,111,206,163,2,739,593,581,934,423,518,926,7,402,532,114,663,81,572,143,291,759,463,424,350,16,556,577,882,178,320,462,903,302,521,5,0,504,99,20,15,145,78,535,38,424,50,333,320,341,567,545,35,596,325,357,545,321,324,274,645,61,390,347,450,3,161,440,216,465,1,375,422,72,426,12,492,9,101,979,80,425,455,389,459,602,309,260,477,104,662,169,346,49,361,54,58,0,310,290,553,599,1,67,57,147,479,139,221,312,190,252,262,4,416,294,526,573,237,254,224,361,374,102,228,6,343,157,226,196
1960,20943,16025,8053,7956,4385,5098,4366,5004,4065,3147,3202,2412,2210,1962,2577,1891,1968,1899,2172,1384,1370,1336,513,932,1671,1227,827,1331,1213,1046,225,980,1274,1836,833,1499,266,178,697,1047,935,1713,912,516,405,1227,1069,704,458,685,893,18,980,414,892,490,134,876,669,248,763,666,579,548,1491,639,0,663,558,674,966,495,871,654,683,671,528,676,596,131,212,144,4,726,650,617,961,426,567,950,16,477,539,106,653,108,534,175,377,793,481,384,393,22,537,573,946,199,322,446,850,332,547,7,2,560,112,22,18,149,86,588,32,436,67,367,304,350,663,550,47,725,374,382,746,314,289,302,653,89,421,351,477,4,162,449,246,488,3,366,418,81,377,18,496,4,107,900,93,432,440,409,436,661,291,292,457,124,693,158,294,66,374,65,95,0,349,315,707,603,4,78,59,178,459,128,242,356,193,275,319,4,441,317,593,673,259,235,212,359,361,133,220,8,364,160,240,262
1961,20344,15270,7800,7577,4290,4896,4483,5021,3932,2960,3100,2285,2238,1979,2426,1907,1884,1947,2081,1332,1285,1428,558,1035,1594,1131,816,1220,1162,1016,271,1006,1310,1678,750,1354,379,243,705,897,889,1479,875,548,507,1196,1062,630,491,607,986,17,877,532,866,491,141,845,698,250,804,671,560,661,1325,567,0,667,597,706,1024,508,773,613,669,622,575,646,628,117,246,137,4,685,645,642,964,405,525,872,19,463,472,92,529,128,545,207,556,753,448,370,401,21,482,543,906,203,303,415,859,351,554,6,0,593,97,28,12,169,98,599,38,354,65,368,289,370,669,502,46,730,412,389,872,360,299,270,612,114,383,330,488,5,146,467,254,646,0,354,388,81,349,31,435,11,96,940,106,374,484,379,445,624,275,298,489,142,625,195,281,69,391,97,67,0,325,311,779,646,2,79,67,170,442,127,262,352,167,260,335,2,422,346,546,624,244,274,180,344,368,137,236,4,371,173,216,242
1962,20646,14985,8037,8002,4424,5402,4403,5102,3889,3000,3225,2258,2187,2054,2533,1871,1834,1928,2218,1406,1156,1391,620,1121,1609,1169,833,1218,1153,1022,314,942,1289,1688,758,1269,597,247,727,896,996,1461,889,647,563,1262,1029,542,458,628,913,12,832,605,932,507,180,946,721,260,776,702,568,607,1349,577,0,663,693,706,1164,506,858,645,717,608,513,613,629,180,329,188,3,726,582,635,892,413,548,840,20,511,543,106,549,146,554,309,691,716,473,301,424,22,539,463,906,315,335,417,856,348,573,4,2,594,86,40,13,201,118,663,35,347,64,390,508,352,752,539,56,815,390,351,738,345,304,322,653,160,414,347,549,11,163,484,285,817,3,354,421,65,370,48,398,7,87,782,140,385,532,392,451,630,270,241,499,167,664,211,316,65,407,124,39,1,333,324,748,603,2,129,68,197,431,134,368,306,202,227,355,6,428,358,510,645,368,271,173,322,380,132,219,5,402,222,218,239
1963,21128,15300,7832,7925,4749,5501,4516,5064,3772,3067,3182,2379,2208,2093,2641,1964,1938,1763,1976,1539,1145,1431,625,1181,1418,1324,943,1202,1209,1069,439,1035,1250,1595,679,1359,679,330,790,845,980,1503,922,660,653,1245,983,584,483,571,1034,23,903,703,1033,502,235,917,742,275,776,698,662,727,1274,517,2,695,686,740,1101,542,851,956,736,627,479,645,553,211,349,185,4,702,647,658,927,365,576,822,26,658,513,104,491,169,532,363,811,680,463,306,411,24,533,478,861,428,367,420,766,367,561,7,2,596,131,40,14,241,157,631,73,354,59,410,483,353,754,601,88,796,343,324,791,335,384,300,786,261,456,369,537,10,169,473,296,863,2,370,385,79,351,89,452,23,85,736,157,475,588,355,429,579,284,274,470,201,743,179,280,101,415,120,46,4,315,325,790,641,2,152,75,208,383,142,359,292,192,228,314,4,436,358,528,674,439,320,164,445,448,167,183,15,403,204,206,226
1964,25383,15467,8050,7776,4849,5918,4412,5110,3904,2720,3234,2291,2255,2258,2338,1913,1864,1872,2073,1639,1121,1518,689,1165,1407,1269,869,1167,1326,1029,478,949,1241,1589,686,1285,676,449,710,797,940,1517,859,628,788,1254,986,525,528,576,1023,20,844,684,1049,458,238,942,866,321,750,690,664,823,1284,537,0,691,763,697,1087,510,799,843,732,591,493,642,548,212,445,210,2,689,676,670,914,376,542,825,18,693,447,99,656,213,803,333,927,634,460,389,427,33,489,452,830,506,348,410,730,613,507,8,1,594,149,31,20,258,198,614,51,361,88,416,626,368,814,517,118,762,371,350,795,378,450,333,963,393,394,335,536,25,144,546,369,876,2,378,388,68,318,119,840,27,111,717,162,393,583,371,443,646,262,224,413,199,725,174,301,88,404,176,39,5,314,328,768,660,9,179,68,190,355,522,371,316,192,200,334,4,354,364,526,626,435,290,172,394,426,203,177,16,502,183,205,231
1965,26691,15459,8413,7754,4773,6218,4533,5326,3741,2840,3261,2224,2296,2401,2359,1865,1840,1946,1960,1693,1095,1466,823,1160,1535,1255,928,1243,1324,1003,555,966,1428,1439,718,1358,820,874,767,886,974,1618,1076,649,839,1227,991,480,544,584,1115,31,753,792,951,477,296,894,795,297,774,698,680,808,1293,590,0,725,767,749,1030,580,757,734,758,576,486,586,525,293,475,203,8,631,817,635,863,354,615,769,32,707,518,83,648,201,802,371,1275,619,417,398,408,37,536,497,924,601,360,392,741,587,529,6,3,599,145,44,31,309,192,671,64,356,85,490,573,330,833,563,156,881,388,336,801,369,634,438,1013,365,442,382,572,32,181,638,373,958,0,397,374,113,421,79,796,21,156,769,159,357,695,369,505,673,252,262,490,207,697,181,290,96,399,221,51,3,364,328,728,637,6,230,93,182,381,543,389,297,194,210,344,5,419,345,554,648,408,288,180,351,422,183,220,11,592,219,213,262
1966,25629,15362,8474,7569,5048,6038,4547,5071,3707,2872,3491,2301,2304,2322,2327,1917,1849,2264,2010,1828,1032,1489,971,1333,1423,1376,913,1205,1489,950,770,979,1358,1348,710,1356,1224,1021,758,912,1070,1584,1001,660,929,1256,1050,495,535,708,1145,27,762,880,889,493,414,904,824,297,733,726,641,862,1254,471,3,664,840,703,1098,546,761,781,831,664,486,559,592,371,530,202,4,631,870,688,794,294,589,774,22,752,481,90,533,279,747,422,1381,608,464,285,435,31,484,437,890,739,413,376,702,472,540,16,2,604,137,40,33,323,213,587,69,353,99,497,746,338,813,546,160,1001,370,319,835,354,570,299,923,387,403,404,554,42,160,668,383,1012,3,387,371,110,403,85,666,29,145,861,174,353,672,378,441,646,240,225,403,225,674,245,355,192,397,238,57,3,323,331,775,698,9,255,102,189,354,392,400,312,172,233,374,5,448,359,538,672,553,315,176,322,630,217,207,12,547,206,175,271
1967,28006,15214,9016,7611,5329,6385,4913,5084,3926,2938,3469,2210,2350,2363,2252,2025,1853,2603,1949,1840,985,1509,953,1346,1385,2029,956,1157,1581,962,888,961,1404,1348,689,1551,1168,1216,876,1001,1438,1636,1136,841,1073,1164,1039,506,543,663,1087,32,752,971,942,521,564,965,862,288,658,763,696,966,1197,497,2,599,953,656,1171,483,681,761,1034,603,506,673,567,434,765,224,18,629,794,733,868,272,512,793,33,900,507,82,556,852,856,435,1436,590,445,301,436,26,442,415,868,777,451,333,716,471,455,10,22,583,173,51,32,359,254,629,104,318,70,516,961,340,954,577,175,927,402,325,833,324,451,378,887,391,423,421,600,62,165,735,395,1184,9,422,390,123,360,93,789,31,177,725,262,351,637,362,430,676,236,228,411,241,724,221,279,141,421,268,134,30,346,315,656,665,12,299,115,198,318,313,446,283,183,220,415,6,414,357,508,741,461,326,189,343,515,242,212,17,526,235,201,260
1968,28755,15396,9533,7509,5380,6476,4871,5230,3750,3104,3488,2206,2464,2776,2418,2026,1910,2694,1917,1847,1033,1479,990,1401,1370,1881,984,1242,1588,1032,1267,1028,1403,1300,706,1825,1186,1499,836,949,1651,1976,1283,790,1413,1151,992,421,585,620,1125,28,772,1050,918,687,685,1114,839,361,736,708,632,1169,1281,507,0,566,935,645,1093,671,647,786,1047,570,501,656,535,658,793,229,28,607,717,717,783,243,599,706,39,879,498,98,599,963,802,463,2122,607,463,332,462,44,467,392,942,936,449,378,659,661,468,21,22,588,162,61,47,429,631,558,164,298,102,510,898,372,960,612,363,1001,393,301,982,305,447,377,815,410,456,455,646,75,172,886,384,1224,7,430,332,124,401,126,847,38,165,680,241,309,602,401,404,718,247,209,416,244,684,209,292,141,362,487,271,16,339,314,670,567,20,261,141,189,347,346,533,302,213,153,392,13,361,377,498,590,458,288,127,308,433,245,215,36,480,339,181,245
1969,27121,15250,9701,7219,5328,6432,4784,5084,3584,3115,3795,2260,2363,2696,2263,1981,1904,2976,1847,2000,924,1618,940,1415,1326,1805,962,1161,1714,1022,1588,972,1340,1125,729,1666,1181,1765,887,910,1649,1655,1246,841,1566,1075,927,425,671,566,1259,36,744,1140,934,1164,675,1257,784,419,669,697,675,1074,1171,479,2,571,962,702,1088,602,643,704,908,521,496,562,486,2011,1099,199,19,600,856,712,713,250,530,661,49,923,560,79,475,920,702,588,1641,459,394,269,491,49,439,379,755,1142,425,299,696,875,465,12,20,624,248,97,48,488,597,594,216,311,122,540,925,337,861,688,611,924,449,291,1040,307,386,409,805,520,393,476,554,154,167,716,399,1077,39,491,307,162,350,149,729,41,206,643,302,305,591,387,363,639,248,214,419,245,553,217,270,198,346,580,315,23,323,331,639,576,23,315,390,216,338,861,483,258,215,185,449,6,362,459,461,509,471,333,159,340,427,298,252,25,482,310,156,279
1970,27867,14939,9073,6683,5317,7108,4690,4961,3527,2859,3908,2039,2301,2390,2062,2054,1727,2712,1812,1931,895,1529,1072,1408,1371,1492,1080,1053,1607,851,2269,969,1314,1071,698,1613,1395,2128,983,891,1533,1504,1187,863,1454,1016,926,413,634,478,1203,67,684,1200,904,997,751,1331,876,479,647,703,755,1167,1023,469,1,581,965,676,1057,705,607,860,941,537,466,530,590,1566,1349,226,50,588,727,696,609,221,517,642,66,1011,574,101,501,955,707,734,1144,426,422,310,581,52,416,367,658,1077,470,278,694,720,471,50,87,655,326,94,64,650,627,535,267,302,205,528,1007,303,791,602,473,891,445,282,1004,284,395,479,751,501,407,472,604,505,171,592,424,1015,34,585,296,148,419,189,762,39,290,591,306,278,623,378,369,583,200,190,385,280,577,292,242,203,375,598,380,24,276,347,616,496,38,361,257,202,302,565,584,279,219,148,488,9,279,465,530,480,440,271,147,278,418,321,195,32,521,320,174,256
1971,26557,14418,9026,6652,5908,7430,4859,5221,3575,2774,3432,2108,2420,2624,2078,2063,1779,2774,1832,1984,882,1712,1288,1565,1652,1482,1186,1010,1876,898,2706,899,1412,1005,690,1482,1589,2628,933,876,1523,1432,1233,852,1441,1138,1008,388,684,528,1296,70,632,1380,920,914,840,1450,906,456,633,772,706,1407,884,496,0,528,973,807,1088,692,561,956,857,475,492,539,556,1458,1511,293,111,564,692,689,651,199,539,620,102,1008,512,103,403,1399,607,838,1226,386,429,245,1054,63,369,339,669,991,481,297,623,721,491,84,137,652,263,92,107,808,666,525,334,281,232,627,981,318,793,570,624,850,434,283,803,273,367,419,776,582,416,532,608,444,184,609,457,1001,71,514,268,159,402,209,617,67,279,574,380,255,531,388,381,502,214,175,354,332,559,293,260,243,428,711,306,59,294,355,563,461,68,559,285,198,308,504,560,261,185,146,482,14,308,441,395,463,466,272,127,318,402,377,214,63,484,356,174,261
1972,24800,14099,8891,6525,6012,7490,4718,5098,3414,2831,3011,2018,2423,2581,2058,1984,1753,2643,1643,2101,733,1916,1507,1609,1894,1346,1171,1020,2026,875,2728,868,1528,922,805,1471,1612,2933,917,763,1605,1412,1272,1053,1494,1139,948,353,664,469,1212,72,606,1501,896,974,785,1437,1014,504,685,725,790,1458,841,488,1,462,899,700,1074,802,567,933,814,435,452,516,578,1480,1442,282,162,506,611,734,654,182,586,569,257,1019,487,94,329,1115,524,893,1019,361,414,221,1166,63,329,320,527,827,498,262,598,567,510,128,205,673,388,109,1440,781,612,482,364,275,257,593,977,337,741,462,583,867,419,287,840,307,360,438,652,661,418,531,608,457,183,660,480,897,116,520,279,204,374,236,509,83,215,509,358,218,550,408,372,488,206,171,302,302,534,347,268,331,369,678,214,73,280,369,502,371,119,646,307,249,266,436,549,218,194,130,495,16,286,415,424,471,434,297,119,308,371,378,219,75,497,371,156,260
1973,23440,13764,8914,5888,6012,7853,4611,4809,3343,2758,2764,1933,2379,2561,2007,1938,1615,2484,1706,1852,680,1997,1486,1614,2354,1343,1268,964,1875,932,2929,872,1459,887,776,1394,1479,2760,869,737,1515,1243,1136,981,1358,1034,893,320,716,443,1219,188,534,1497,726,846,818,1252,917,466,582,731,774,1498,889,455,1,423,1013,673,1075,857,573,837,777,432,463,501,569,1720,1531,225,303,807,527,740,553,159,490,520,774,987,483,96,338,1068,506,883,1068,288,399,157,1109,103,344,297,570,866,469,239,491,562,438,200,280,579,472,122,1549,826,562,514,455,227,278,616,1086,309,662,381,714,759,393,259,928,266,346,444,588,642,374,355,533,499,203,559,478,867,95,419,266,231,414,281,418,84,225,572,352,183,761,367,302,431,189,179,319,308,475,357,231,372,362,697,240,84,249,435,464,368,150,718,303,242,218,419,506,242,183,108,554,22,297,306,350,426,456,270,120,290,313,309,201,92,463,441,155,252
1974,23294,13109,9145,5473,6160,7459,4667,4843,3225,2585,2784,1996,2394,2636,1978,1976,1665,2708,1593,1904,655,2054,1511,1696,2450,1334,1268,934,1888,889,3011,881,1424,752,773,1313,1561,2773,859,910,1503,1218,1170,1036,1302,1032,1095,291,715,395,1133,348,572,1567,777,794,819,1324,889,482,576,676,826,1249,876,513,1,420,1285,643,998,738,460,764,754,442,458,494,554,1624,1447,204,378,832,520,790,534,142,489,492,762,924,495,121,357,964,449,803,1004,322,398,171,1088,204,318,261,517,849,538,221,435,493,403,321,324,612,407,189,887,899,671,476,486,199,276,532,839,304,730,379,812,748,441,231,860,247,369,549,613,894,410,381,587,1158,242,585,520,706,113,335,227,220,512,348,409,118,282,491,537,165,638,382,276,433,198,171,307,290,449,384,243,545,379,897,190,209,262,440,503,339,148,715,401,275,223,456,574,229,179,111,473,23,264,398,299,310,528,256,107,279,350,384,195,139,442,449,155,263
1975,22481,12774,9203,5294,6485,6613,4814,4691,3155,2612,2866,3131,2483,2568,1943,2089,1604,2664,1545,1852,630,2097,1514,1587,2215,1381,1267,895,1720,908,2776,889,1596,722,795,1311,1809,2367,838,880,1557,1213,1113,1190,1406,1043,1014,267,774,368,1113,586,515,1690,698,895,789,1390,875,521,592,844,848,1309,912,492,4,384,1140,663,1109,858,454,811,716,397,454,432,800,1599,1481,207,456,546,613,796,427,128,473,456,859,1071,453,132,271,978,477,1335,977,273,384,140,1099,174,326,230,439,904,511,219,445,518,380,500,433,612,371,216,787,951,749,533,518,213,285,566,793,307,726,330,1083,737,430,261,628,251,333,448,559,1064,402,385,566,869,230,574,441,666,127,424,205,276,418,360,401,127,227,499,514,147,546,423,294,418,212,176,318,305,406,480,281,654,358,1043,286,233,290,428,491,311,186,741,479,234,224,432,602,211,190,97,579,25,247,346,282,353,361,237,110,255,343,374,159,141,409,458,138,258
1976,22325,13364,9382,5114,7568,6926,5034,4529,3226,2590,2809,2582,2489,2592,1869,2019,1558,2565,1584,1927,576,2174,2133,1634,2147,1536,1388,827,1720,864,2566,897,1580,673,778,1415,1627,2546,897,921,1530,1215,1115,1219,1412,1101,1036,249,787,408,1076,1601,480,1641,740,851,772,1418,955,664,544,834,896,1311,806,786,6,400,1106,653,1019,739,434,745,694,417,434,442,1148,1649,1361,299,611,543,510,811,436,139,514,428,995,954,471,115,260,1004,409,1383,929,292,351,123,998,180,294,215,375,869,486,186,447,572,400,600,531,791,745,218,808,947,767,553,605,201,319,551,704,278,602,306,1631,750,539,259,757,267,311,375,582,1174,404,412,503,875,244,587,455,608,126,382,194,285,422,402,342,174,259,436,559,188,606,430,340,381,210,179,270,320,418,491,278,666,381,1522,1065,310,249,417,508,277,205,745,522,230,196,571,563,228,188,115,589,21,271,366,316,482,409,258,112,348,323,413,200,170,396,390,158,272
1977,21505,13184,9960,4749,8036,7161,5149,4459,3243,2474,2590,2481,2364,2661,1849,2059,1569,2748,1451,2025,502,2226,2025,1623,2052,1638,1407,834,1764,812,2421,907,1518,661,743,1472,1669,2543,899,874,1541,1133,1302,1336,1514,1120,1006,213,765,363,1057,2948,480,1738,766,935,1029,1289,924,792,540,833,899,1261,695,663,6,340,1109,561,911,812,418,773,713,364,487,436,869,1652,1392,457,798,451,469,790,419,130,532,391,1145,906,512,139,251,1183,366,1255,887,307,327,133,1047,209,290,184,350,906,558,169,454,500,421,727,825,821,745,246,761,959,780,506,659,180,461,553,1001,249,537,296,1734,783,443,223,720,256,287,375,459,1439,386,356,598,877,275,559,454,527,210,379,183,334,408,449,291,254,358,411,573,154,473,458,302,359,205,170,257,601,323,497,261,637,387,1503,1752,334,253,393,578,263,280,654,563,268,204,651,569,205,198,58,527,32,263,346,282,390,407,284,99,351,253,385,157,183,467,405,135,230
1978,21117,13148,10433,4488,8461,8441,5236,4591,3109,2531,2467,2301,2602,2786,1785,2194,1622,3025,1351,1979,571,2172,2227,1771,1878,1823,1391,772,1672,823,2325,884,1455,550,685,1423,1720,2221,922,902,1447,941,1151,1190,1479,1054,1006,193,791,366,1071,3109,481,1640,726,953,975,1129,903,704,442,680,917,1250,614,577,2,289,1062,629,911,750,391,830,753,317,444,409,948,1608,1204,392,960,438,432,758,348,102,564,329,1165,852,470,209,200,1061,341,1219,852,290,359,74,1046,219,271,162,349,1278,545,161,389,709,387,958,787,761,816,321,1714,1049,827,504,657,202,450,564,960,252,525,275,1691,652,432,170,607,221,295,401,522,1183,374,422,532,790,287,527,473,503,334,390,156,328,368,679,272,281,374,366,580,135,432,407,300,287,186,179,257,753,290,545,278,763,357,1329,1490,474,237,356,470,258,346,606,610,247,166,589,538,186,221,64,513,38,208,364,282,349,324,274,102,314,290,443,169,267,416,497,120,252
1979,21895,13564,11411,4438,7830,8065,5655,4979,3150,2669,2427,2231,2678,3107,1873,2404,1769,3725,1446,2403,504,2129,2109,1877,1963,1743,1648,805,1716,882,2360,915,1580,572,805,1385,1723,2140,1037,945,1549,852,1195,1397,1712,1080,1034,172,913,355,1108,3104,526,1665,612,996,1203,1138,969,917,479,850,937,1291,820,628,5,336,1110,687,971,747,388,840,820,325,454,365,873,1556,1208,383,989,383,445,774,382,75,550,300,1320,911,428,230,173,1210,317,1137,880,217,353,91,999,210,289,170,303,1107,690,140,388,676,385,1298,839,884,842,512,1561,1015,848,505,759,183,457,581,878,288,445,262,1507,609,450,207,629,219,259,416,462,1162,386,456,490,817,261,522,554,488,354,378,146,459,343,880,219,391,349,351,655,135,478,535,325,343,175,189,276,733,306,518,361,1093,347,1029,1364,1032,246,433,451,219,372,553,633,283,177,601,564,202,246,61,569,53,212,323,229,279,414,334,86,316,268,612,166,346,363,507,122,308
1980,21620,13612,11540,3904,7758,7933,5737,4819,2992,2515,2325,2148,2611,2774,1671,2181,1720,3051,1375,2579,434,1972,2233,1818,1999,1725,1808,743,1635,786,2400,937,1580,491,854,1412,1752,1812,956,908,1411,781,1193,1403,1767,966,1077,176,1151,375,1230,3658,436,1621,676,1351,1188,1063,1045,1130,435,853,954,1218,766,612,10,306,1258,599,846,626,375,810,766,308,491,397,911,1360,1472,415,1627,343,435,950,326,103,542,328,1320,766,437,225,175,1092,312,945,880,248,368,70,892,273,308,171,288,1000,691,136,335,716,401,1442,988,777,797,923,1220,1029,799,509,1068,187,534,535,674,284,417,218,1470,586,438,220,526,215,264,415,428,1159,400,383,505,842,296,465,555,399,540,373,153,695,323,936,230,377,385,335,668,140,457,405,319,319,213,181,259,699,275,575,306,1169,356,897,1272,1120,221,369,358,186,399,608,643,307,200,573,615,246,253,70,451,65,200,314,172,224,319,307,110,287,287,586,164,394,350,443,125,326
1981,21262,13200,11131,3712,7309,9365,5874,4534,2906,2502,2094,2116,2667,2971,1672,2202,1729,3041,1360,2029,438,1898,2452,1977,1971,1789,1710,698,1500,762,2176,815,1515,444,884,1560,2304,1822,994,1044,1306,689,1095,1571,1864,903,1002,134,974,369,1981,3790,379,1605,670,1142,1329,996,964,1110,462,809,891,1156,608,621,5,279,1178,556,818,659,321,788,697,314,414,363,848,1293,1332,644,1502,307,531,822,312,70,560,280,1272,724,428,292,162,1036,328,1038,626,214,347,59,975,386,228,129,243,905,673,125,331,718,398,1548,1309,880,829,1253,1137,916,798,493,1432,168,753,527,642,282,364,257,1322,479,398,223,572,203,271,348,316,1068,351,399,418,730,346,508,537,344,705,336,99,664,311,963,212,415,470,304,708,186,473,358,301,294,239,145,205,842,236,585,301,1187,336,901,1098,1230,196,329,357,208,446,541,600,297,149,460,668,213,280,47,504,162,213,305,155,234,286,348,87,264,257,576,165,460,343,457,111,270
1982,21377,13746,11492,3487,6762,8629,6246,4630,2826,2535,1946,2186,2979,3375,1571,2379,1742,3077,1277,2050,394,1940,2670,1886,1864,1744,1615,701,1468,796,2079,872,1436,406,969,1622,2205,1910,1093,939,1257,644,1186,1560,2106,943,929,141,1095,409,1366,2907,424,1499,757,1371,1678,976,1100,1133,433,937,839,1050,558,606,4,296,1312,609,809,657,284,792,699,302,424,646,968,1268,1164,587,1560,330,797,866,280,84,479,263,1439,727,421,310,174,1053,328,1145,635,199,373,74,761,476,257,148,219,803,812,114,278,713,390,1434,1209,848,950,1046,1129,855,793,471,1116,157,739,570,614,233,405,218,1217,508,432,180,485,208,287,421,304,1084,365,477,471,809,385,499,564,297,893,323,112,661,312,858,205,609,493,291,709,487,426,358,281,278,206,140,310,850,280,641,277,1494,341,766,946,1105,195,337,285,153,444,485,669,273,144,514,575,249,290,47,482,230,249,292,159,244,342,362,88,245,261,613,175,470,295,520,96,274
1983,21182,13433,11804,3285,6965,8799,6822,4656,2762,2509,1894,2400,2863,3117,1454,2188,1737,3001,1236,2013,324,1797,2643,1832,1826,1550,1759,673,1377,757,2264,847,1502,439,1021,1280,2325,1657,992,940,1340,598,1150,1534,2201,869,966,127,1012,380,1077,2713,497,1467,773,1196,1649,1018,1015,1195,384,930,867,971,451,623,10,228,1211,549,746,586,301,724,710,261,576,425,932,1148,1078,712,1723,302,751,832,237,82,486,246,1473,732,478,431,134,996,278,1160,585,182,561,56,793,501,230,126,244,832,718,118,251,754,385,1652,1358,848,920,1176,1096,951,900,508,1220,222,820,565,714,271,339,218,1095,437,429,195,390,198,239,962,280,1041,332,441,696,1255,380,637,560,292,1715,313,97,707,337,907,184,599,465,230,787,688,365,339,276,256,233,132,352,879,220,669,295,1364,313,606,828,1240,186,359,250,144,441,472,751,269,132,453,618,208,290,37,479,339,231,305,136,227,296,358,111,246,251,597,168,625,256,507,105,284
1984,22014,12978,10946,3094,6100,9549,6793,4410,3047,2374,1871,2198,2913,2920,1441,3243,1855,2905,1282,1857,277,1811,2710,1792,1769,1590,1965,582,1460,746,2105,853,1390,419,1061,1247,2025,1578,1079,1457,1194,546,1110,1363,2207,937,1019,105,1010,401,985,2272,422,1479,801,1144,1783,914,1000,1196,364,837,863,957,423,575,7,256,1157,600,756,707,262,678,693,267,522,364,875,1038,1081,2276,2077,321,588,816,231,73,529,234,1495,663,421,500,130,1044,307,1028,524,183,444,41,703,817,230,109,179,869,740,91,243,761,435,1584,1632,911,911,1358,1064,881,893,502,1363,199,907,529,598,245,306,213,961,381,431,174,372,195,227,1816,219,967,364,507,464,1229,407,463,487,257,1528,345,90,635,311,910,170,670,536,199,733,400,339,333,288,280,196,167,312,849,174,725,313,990,339,544,771,1455,170,322,213,121,769,428,698,306,143,521,625,197,347,30,493,525,194,274,123,191,373,446,116,243,246,657,172,684,289,557,111,278
1985,21489,12679,11572,3051,6618,9831,7163,5087,3065,2280,1686,2131,3019,2836,1334,3243,1948,4906,1172,1788,280,1806,3139,1920,1751,1543,1903,546,1378,750,1802,868,1383,340,1156,1335,2106,1394,1116,1142,1103,465,1081,1519,1795,855,953,94,1059,470,1124,2153,361,1404,762,1188,2172,881,941,1138,346,880,896,843,319,537,13,233,1131,605,703,696,225,653,692,264,481,422,810,956,1037,3720,1924,303,576,763,197,70,534,221,1596,667,413,764,107,1248,314,905,408,188,448,39,871,968,199,117,190,795,782,80,204,693,407,1684,1947,847,897,1230,1013,774,963,464,1301,185,1081,585,552,251,296,185,924,348,411,176,313,180,263,850,203,749,335,425,295,1496,553,421,439,218,1414,305,94,586,316,1014,153,840,709,206,789,287,307,351,307,228,210,121,252,802,170,806,307,1025,413,540,766,1339,178,341,178,155,971,472,728,447,117,531,537,158,437,25,461,516,214,268,98,159,302,365,160,280,234,593,162,668,261,511,123,280
1986,21885,12756,12828,2903,6186,9498,7428,5153,2938,2362,1801,3515,3172,2731,1389,3081,1945,3671,1216,1747,335,1738,3188,2212,1760,1577,1934,516,1360,744,1804,866,1389,293,1339,1240,2216,1465,1227,1028,1161,519,1078,1525,1645,884,943,97,1225,403,1279,1915,391,1329,888,1490,1801,830,973,1242,338,806,894,865,302,546,26,251,1091,586,685,730,258,728,693,273,486,418,799,987,1113,2697,2121,267,507,763,203,47,627,197,1517,607,421,824,114,1360,345,921,437,173,398,41,688,1388,196,113,168,876,739,74,228,651,454,1567,1723,719,1038,1462,1089,872,935,530,1337,170,1019,563,662,253,248,200,834,323,415,184,280,183,226,875,229,647,324,467,329,2205,990,421,450,330,1870,301,82,767,257,937,171,1353,547,197,781,254,322,341,283,237,201,111,262,748,147,730,311,839,385,451,776,1204,157,279,172,127,1026,513,756,522,111,520,492,180,559,29,436,531,214,286,114,119,376,471,266,249,231,693,175,707,249,464,123,318
1987,21767,12760,11712,2583,5981,9533,7366,4463,2910,2227,1584,2876,3095,2832,1224,2786,1982,3587,1162,1719,267,1711,3187,2196,1668,1563,2350,506,1343,733,1744,860,1383,302,1297,1266,2019,1511,1313,909,1155,414,1096,1685,1551,828,905,85,1097,408,1082,1795,326,1351,908,1448,1838,858,912,1600,293,822,831,856,251,541,316,203,1106,582,656,700,227,644,685,218,468,333,807,875,999,2400,2025,266,773,695,208,44,533,181,1507,599,423,1012,96,1139,342,924,401,152,462,40,612,1593,189,96,121,717,764,80,190,585,405,1516,1599,558,1143,1599,1272,793,963,504,1624,173,1304,565,555,225,247,173,750,280,400,154,209,188,210,959,205,591,307,473,321,1603,1161,382,414,217,1675,294,75,766,288,930,169,1097,665,188,788,275,282,323,259,182,209,100,259,795,142,721,298,750,399,423,678,1125,167,314,198,129,1215,459,815,593,110,518,457,245,560,30,443,671,173,260,78,147,329,447,201,286,220,633,156,724,231,504,125,308
1988,21089,12383,11863,2377,5331,10359,7207,4236,2807,2262,1500,3023,3198,2806,1156,2556,1839,4445,1170,1745,203,2423,3093,1873,1610,1425,4251,616,1311,730,1611,854,1338,320,1587,1201,1974,1413,1944,915,1115,390,1640,1559,1526,781,952,64,1126,358,923,1452,360,1207,1211,2156,1772,767,937,1400,339,848,765,945,235,674,925,193,1069,575,646,769,200,613,704,203,433,285,792,761,964,2091,1907,241,783,678,175,52,464,156,1295,594,489,1964,76,1073,342,969,320,119,475,26,544,1946,172,82,116,799,845,66,179,610,376,1402,1472,521,1006,1817,1093,744,942,516,1795,151,1335,567,429,229,213,183,680,256,397,160,326,165,263,780,199,547,295,528,328,1025,1015,367,441,177,1688,269,53,867,270,910,113,941,676,165,928,244,234,300,234,182,200,89,800,788,135,787,286,656,338,345,568,990,152,275,158,104,1526,452,748,616,97,481,385,223,536,18,472,831,154,271,91,141,311,352,184,702,231,767,145,752,210,448,146,308
1989,22069,13361,13962,2283,5166,11684,7721,4441,2680,2330,1496,2860,3455,2718,1242,3846,1947,3767,1215,1829,201,1961,3135,1871,1570,1561,2385,587,1395,702,1722,1008,1408,299,1476,1121,1890,1299,1724,985,1187,414,1285,1629,1447,822,992,66,1213,347,963,1461,311,1198,1468,1796,2149,873,1042,1726,274,949,808,1075,198,762,1449,170,1222,563,654,1144,230,648,737,219,516,289,746,638,895,1762,1962,253,669,686,169,56,477,186,1386,626,482,1645,79,1146,347,926,493,124,374,41,520,1788,166,77,126,623,790,60,156,634,393,1509,1487,621,1019,1623,1205,824,1154,511,1261,145,1370,623,413,222,215,179,609,258,399,173,267,171,209,694,194,490,332,665,314,838,1077,324,417,171,1489,314,54,1551,254,1009,134,935,1691,152,1030,206,234,289,244,153,175,106,582,869,111,822,271,573,315,310,518,1025,145,283,96,91,1247,490,804,918,117,558,435,190,641,18,444,1147,152,295,72,102,362,502,241,411,218,650,166,828,204,463,156,302
1990,22159,13720,14673,2283,4858,10606,10123,4592,2647,2307,1332,2362,3329,2635,1097,3036,2159,3280,1073,1956,187,1836,3496,1896,1414,1499,2011,577,1259,744,1724,895,1182,245,1535,978,1826,1312,1536,918,1046,313,1149,1772,1471,753,901,63,1346,385,931,1461,327,1130,998,1455,2110,738,1050,2073,308,905,760,841,178,635,4460,183,1029,636,574,1286,199,634,698,195,538,240,733,566,712,1638,1786,210,688,734,149,48,504,163,1459,594,477,1811,68,845,338,822,392,128,347,17,504,1876,133,84,102,575,771,57,153,797,373,1253,1257,524,1022,2088,968,773,1434,491,1112,153,1460,625,317,192,175,151,523,267,462,157,203,143,250,574,139,491,313,800,310,753,1082,316,380,123,1339,262,63,1423,279,963,121,1015,2058,124,1021,146,226,269,250,154,193,109,421,846,108,779,253,537,354,249,449,945,119,287,117,56,1154,442,736,793,102,527,384,131,633,21,468,1275,148,258,66,81,310,400,239,312,194,602,153,1063,169,465,139,327
1991,23039,12735,14152,2031,4647,10764,9842,4418,2457,2136,1138,2242,3549,2895,987,2808,2033,2984,983,1690,139,1660,3342,1860,1410,1481,1928,559,1205,671,1659,758,1162,212,2283,911,1794,1374,1686,997,1079,303,1124,1944,1304,783,904,52,1563,385,870,1607,269,1100,941,1582,2101,807,893,1748,278,872,739,793,170,533,6045,174,962,603,568,1145,171,667,644,201,580,226,702,549,713,1420,1884,167,611,663,125,37,455,155,1439,575,450,1996,67,839,336,820,331,126,322,19,503,1798,130,72,76,521,804,34,124,600,351,1231,1866,507,974,1926,893,715,1164,562,1071,130,1373,700,320,179,152,116,423,207,451,130,185,125,198,554,151,457,300,630,286,565,959,236,390,108,1158,254,55,1053,242,1046,108,2018,1306,116,941,144,186,291,224,132,199,95,373,820,80,823,256,507,293,213,457,740,130,261,120,74,1211,441,759,773,83,509,322,96,692,14,421,1395,116,265,56,82,314,305,196,248,221,543,133,1173,170,512,139,311
1992,23192,13195,13339,1820,4500,9318,9278,4863,2441,2201,1170,2023,3546,3961,998,3227,2379,3038,1030,1647,137,1641,3694,1797,1332,1553,1796,461,1139,597,1733,815,1103,204,2056,891,1842,1431,1853,845,1062,269,1083,1872,1335,725,946,38,1418,401,791,1446,337,1182,917,1796,2080,730,883,2514,221,838,654,770,164,588,6808,166,960,507,568,819,211,658,671,169,474,234,631,510,623,1678,1704,173,528,586,108,44,466,126,1509,604,411,2148,55,687,283,774,317,120,319,27,492,2259,128,65,91,533,726,30,116,506,331,1185,1438,564,942,1743,854,715,1112,522,1055,129,1660,708,328,201,143,127,457,163,375,158,180,132,241,693,158,388,287,616,296,672,1228,262,334,121,1149,263,53,1096,337,1086,82,1619,1139,124,978,132,203,273,248,146,198,120,367,802,78,801,235,470,294,178,412,722,147,278,110,69,1215,410,834,782,87,564,304,109,794,16,423,1672,119,283,54,64,305,305,244,205,163,487,137,1281,145,596,139,347
1993,21871,14340,13702,1633,4520,8618,8855,4023,2264,2188,1929,1917,3515,3435,876,2801,2174,3046,924,1518,132,1632,3468,1811,1380,2643,1610,474,1122,584,1728,755,974,168,2141,803,1809,1316,1557,784,980,249,1014,1722,1243,669,890,40,1327,376,716,1398,229,1094,821,1654,1883,713,812,2034,224,901,693,687,136,552,5657,136,948,472,527,645,121,597,641,142,455,206,597,429,525,1441,1766,134,506,644,96,44,429,142,1325,556,411,2060,49,556,339,725,274,120,369,27,414,2650,104,62,70,458,684,36,112,517,307,1128,1226,483,1235,1499,878,788,965,518,1033,116,1722,638,245,196,124,122,395,144,301,169,148,114,226,605,127,311,261,644,247,501,1027,220,347,102,1039,241,45,1058,237,1066,103,1773,1053,117,854,131,150,252,198,98,261,131,314,843,80,808,225,381,275,181,407,681,114,252,88,76,1216,460,773,861,69,535,247,107,850,12,396,1608,104,274,54,58,246,244,265,181,168,463,125,1184,126,500,130,300
1994,21484,14275,14742,1492,4500,8774,9141,4172,2119,1967,1439,1710,3574,3071,852,3607,2024,2507,890,1406,128,1502,3654,1936,1307,1704,1674,390,1040,514,1660,702,931,182,1932,719,1642,1272,1404,756,972,223,878,1655,1215,663,789,43,1318,357,614,1340,238,1002,834,1441,1797,740,771,2015,223,841,683,756,120,513,5185,125,835,488,465,568,116,539,573,139,418,193,584,364,452,1182,2206,135,418,553,90,37,435,135,1314,560,409,1956,38,487,334,713,258,96,427,25,378,2405,123,62,70,341,716,27,109,487,262,987,1003,513,1129,1230,778,675,902,450,842,97,1552,600,196,203,107,135,331,152,327,153,135,110,227,539,141,277,278,869,221,534,1109,207,342,87,996,198,42,1196,222,1105,88,1821,992,68,827,108,150,238,219,96,264,148,287,806,62,764,188,359,253,157,377,600,71,237,73,51,1223,432,874,884,63,524,270,99,853,15,413,2051,135,217,39,51,244,260,246,157,149,503,140,1773,131,465,122,292
1995,18742,15246,12587,1217,3915,7432,8334,3789,1757,1753,1009,1483,3071,2718,686,3635,1749,2144,819,1547,102,1311,3081,1779,1104,1412,1504,324,935,521,1422,595,778,139,1680,692,1367,1109,1541,628,832,169,788,1556,938,501,695,27,1158,306,515,1288,194,884,640,1355,1426,557,686,1858,224,750,620,598,101,414,4358,107,670,462,402,446,115,502,446,132,330,165,481,284,348,876,1466,107,336,549,84,37,354,101,976,455,338,1838,43,377,269,534,197,74,342,11,299,2074,95,52,54,316,1025,15,82,405,264,761,774,388,873,1059,570,598,762,369,770,84,1502,505,157,177,94,118,302,98,289,134,91,98,210,435,94,272,207,684,208,443,849,144,315,107,898,175,43,1027,184,967,78,1466,839,59,661,71,101,230,169,100,199,111,248,632,57,585,184,334,226,111,240,446,94,206,69,46,1029,479,738,789,52,475,218,63,815,13,340,2074,75,215,40,50,192,212,304,160,141,467,149,1474,73,383,138,280
1996,16415,12290,10068,978,3240,5421,6176,2652,1333,1305,653,1156,2298,2016,498,2641,1415,1628,584,1119,63,1023,2694,1339,869,1143,1260,272,736,406,1163,495,560,104,1382,529,1102,842,1038,431,626,122,664,1323,746,397,599,26,1178,225,332,906,132,604,460,990,1235,414,551,1548,142,543,487,408,70,378,3612,85,507,306,266,326,76,348,379,82,276,109,388,181,240,725,1005,76,245,361,56,20,529,79,824,358,244,1435,34,332,202,459,136,46,250,12,290,1683,70,37,43,251,637,8,44,333,195,631,505,328,725,894,538,403,664,287,526,62,1249,375,117,133,55,95,184,79,214,114,68,69,145,296,70,157,183,445,159,253,666,113,268,105,674,117,28,764,140,741,61,1350,686,36,522,57,81,178,122,64,146,129,136,449,29,438,132,206,171,61,181,343,70,160,48,21,806,381,518,835,38,362,154,56,738,6,254,1619,58,165,29,32,161,189,294,110,107,395,106,1103,66,357,124,230
